class id,filepaths,labels,data set
0,train/ADONIS/001.jpg,ADONIS,train
0,train/ADONIS/002.jpg,ADONIS,train
0,train/ADONIS/003.jpg,ADONIS,train
0,train/ADONIS/004.jpg,ADONIS,train
0,train/ADONIS/005.jpg,ADONIS,train
0,train/ADONIS/006.jpg,ADONIS,train
0,train/ADONIS/007.jpg,ADONIS,train
0,train/ADONIS/008.jpg,ADONIS,train
0,train/ADONIS/009.jpg,ADONIS,train
0,train/ADONIS/010.jpg,ADONIS,train
0,train/ADONIS/011.jpg,ADONIS,train
0,train/ADONIS/012.jpg,ADONIS,train
0,train/ADONIS/013.jpg,ADONIS,train
0,train/ADONIS/014.jpg,ADONIS,train
0,train/ADONIS/015.jpg,ADONIS,train
0,train/ADONIS/016.jpg,ADONIS,train
0,train/ADONIS/017.jpg,ADONIS,train
0,train/ADONIS/018.jpg,ADONIS,train
0,train/ADONIS/019.jpg,ADONIS,train
0,train/ADONIS/020.jpg,ADONIS,train
0,train/ADONIS/021.jpg,ADONIS,train
0,train/ADONIS/022.jpg,ADONIS,train
0,train/ADONIS/023.jpg,ADONIS,train
0,train/ADONIS/024.jpg,ADONIS,train
0,train/ADONIS/025.jpg,ADONIS,train
0,train/ADONIS/026.jpg,ADONIS,train
0,train/ADONIS/027.jpg,ADONIS,train
0,train/ADONIS/028.jpg,ADONIS,train
0,train/ADONIS/029.jpg,ADONIS,train
0,train/ADONIS/030.jpg,ADONIS,train
0,train/ADONIS/031.jpg,ADONIS,train
0,train/ADONIS/032.jpg,ADONIS,train
0,train/ADONIS/033.jpg,ADONIS,train
0,train/ADONIS/034.jpg,ADONIS,train
0,train/ADONIS/035.jpg,ADONIS,train
0,train/ADONIS/036.jpg,ADONIS,train
0,train/ADONIS/037.jpg,ADONIS,train
0,train/ADONIS/038.jpg,ADONIS,train
0,train/ADONIS/039.jpg,ADONIS,train
0,train/ADONIS/040.jpg,ADONIS,train
0,train/ADONIS/041.jpg,ADONIS,train
0,train/ADONIS/042.jpg,ADONIS,train
0,train/ADONIS/043.jpg,ADONIS,train
0,train/ADONIS/044.jpg,ADONIS,train
0,train/ADONIS/045.jpg,ADONIS,train
0,train/ADONIS/046.jpg,ADONIS,train
0,train/ADONIS/047.jpg,ADONIS,train
0,train/ADONIS/048.jpg,ADONIS,train
0,train/ADONIS/049.jpg,ADONIS,train
0,train/ADONIS/050.jpg,ADONIS,train
0,train/ADONIS/051.jpg,ADONIS,train
0,train/ADONIS/052.jpg,ADONIS,train
0,train/ADONIS/053.jpg,ADONIS,train
0,train/ADONIS/054.jpg,ADONIS,train
0,train/ADONIS/055.jpg,ADONIS,train
0,train/ADONIS/056.jpg,ADONIS,train
0,train/ADONIS/057.jpg,ADONIS,train
0,train/ADONIS/058.jpg,ADONIS,train
0,train/ADONIS/059.jpg,ADONIS,train
0,train/ADONIS/060.jpg,ADONIS,train
0,train/ADONIS/061.jpg,ADONIS,train
0,train/ADONIS/062.jpg,ADONIS,train
0,train/ADONIS/063.jpg,ADONIS,train
0,train/ADONIS/064.jpg,ADONIS,train
0,train/ADONIS/065.jpg,ADONIS,train
0,train/ADONIS/066.jpg,ADONIS,train
0,train/ADONIS/067.jpg,ADONIS,train
0,train/ADONIS/068.jpg,ADONIS,train
0,train/ADONIS/069.jpg,ADONIS,train
0,train/ADONIS/070.jpg,ADONIS,train
0,train/ADONIS/071.jpg,ADONIS,train
0,train/ADONIS/072.jpg,ADONIS,train
0,train/ADONIS/073.jpg,ADONIS,train
0,train/ADONIS/074.jpg,ADONIS,train
0,train/ADONIS/075.jpg,ADONIS,train
0,train/ADONIS/076.jpg,ADONIS,train
0,train/ADONIS/077.jpg,ADONIS,train
0,train/ADONIS/078.jpg,ADONIS,train
0,train/ADONIS/079.jpg,ADONIS,train
0,train/ADONIS/080.jpg,ADONIS,train
0,train/ADONIS/081.jpg,ADONIS,train
0,train/ADONIS/082.jpg,ADONIS,train
0,train/ADONIS/083.jpg,ADONIS,train
0,train/ADONIS/084.jpg,ADONIS,train
0,train/ADONIS/085.jpg,ADONIS,train
0,train/ADONIS/086.jpg,ADONIS,train
0,train/ADONIS/087.jpg,ADONIS,train
0,train/ADONIS/088.jpg,ADONIS,train
0,train/ADONIS/089.jpg,ADONIS,train
0,train/ADONIS/090.jpg,ADONIS,train
0,train/ADONIS/091.jpg,ADONIS,train
0,train/ADONIS/092.jpg,ADONIS,train
0,train/ADONIS/093.jpg,ADONIS,train
0,train/ADONIS/094.jpg,ADONIS,train
0,train/ADONIS/095.jpg,ADONIS,train
0,train/ADONIS/096.jpg,ADONIS,train
0,train/ADONIS/097.jpg,ADONIS,train
0,train/ADONIS/098.jpg,ADONIS,train
0,train/ADONIS/099.jpg,ADONIS,train
0,train/ADONIS/100.jpg,ADONIS,train
0,train/ADONIS/101.jpg,ADONIS,train
0,train/ADONIS/102.jpg,ADONIS,train
0,train/ADONIS/103.jpg,ADONIS,train
0,train/ADONIS/104.jpg,ADONIS,train
0,train/ADONIS/105.jpg,ADONIS,train
0,train/ADONIS/106.jpg,ADONIS,train
0,train/ADONIS/107.jpg,ADONIS,train
0,train/ADONIS/108.jpg,ADONIS,train
0,train/ADONIS/109.jpg,ADONIS,train
0,train/ADONIS/110.jpg,ADONIS,train
0,train/ADONIS/111.jpg,ADONIS,train
0,train/ADONIS/112.jpg,ADONIS,train
0,train/ADONIS/113.jpg,ADONIS,train
0,train/ADONIS/114.jpg,ADONIS,train
0,train/ADONIS/115.jpg,ADONIS,train
0,train/ADONIS/116.jpg,ADONIS,train
0,train/ADONIS/117.jpg,ADONIS,train
0,train/ADONIS/118.jpg,ADONIS,train
0,train/ADONIS/119.jpg,ADONIS,train
0,train/ADONIS/120.jpg,ADONIS,train
0,train/ADONIS/121.jpg,ADONIS,train
0,train/ADONIS/122.jpg,ADONIS,train
0,train/ADONIS/123.jpg,ADONIS,train
0,train/ADONIS/124.jpg,ADONIS,train
0,train/ADONIS/125.jpg,ADONIS,train
0,train/ADONIS/126.jpg,ADONIS,train
1,train/AFRICAN GIANT SWALLOWTAIL/001.jpg,AFRICAN GIANT SWALLOWTAIL,train
1,train/AFRICAN GIANT SWALLOWTAIL/002.jpg,AFRICAN GIANT SWALLOWTAIL,train
1,train/AFRICAN GIANT SWALLOWTAIL/003.jpg,AFRICAN GIANT SWALLOWTAIL,train
1,train/AFRICAN GIANT SWALLOWTAIL/004.jpg,AFRICAN GIANT SWALLOWTAIL,train
1,train/AFRICAN GIANT SWALLOWTAIL/005.jpg,AFRICAN GIANT SWALLOWTAIL,train
1,train/AFRICAN GIANT SWALLOWTAIL/006.jpg,AFRICAN GIANT SWALLOWTAIL,train
1,train/AFRICAN GIANT SWALLOWTAIL/007.jpg,AFRICAN GIANT SWALLOWTAIL,train
1,train/AFRICAN GIANT SWALLOWTAIL/008.jpg,AFRICAN GIANT SWALLOWTAIL,train
1,train/AFRICAN GIANT SWALLOWTAIL/009.jpg,AFRICAN GIANT SWALLOWTAIL,train
1,train/AFRICAN GIANT SWALLOWTAIL/010.jpg,AFRICAN GIANT SWALLOWTAIL,train
1,train/AFRICAN GIANT SWALLOWTAIL/011.jpg,AFRICAN GIANT SWALLOWTAIL,train
1,train/AFRICAN GIANT SWALLOWTAIL/012.jpg,AFRICAN GIANT SWALLOWTAIL,train
1,train/AFRICAN GIANT SWALLOWTAIL/013.jpg,AFRICAN GIANT SWALLOWTAIL,train
1,train/AFRICAN GIANT SWALLOWTAIL/014.jpg,AFRICAN GIANT SWALLOWTAIL,train
1,train/AFRICAN GIANT SWALLOWTAIL/015.jpg,AFRICAN GIANT SWALLOWTAIL,train
1,train/AFRICAN GIANT SWALLOWTAIL/016.jpg,AFRICAN GIANT SWALLOWTAIL,train
1,train/AFRICAN GIANT SWALLOWTAIL/017.jpg,AFRICAN GIANT SWALLOWTAIL,train
1,train/AFRICAN GIANT SWALLOWTAIL/018.jpg,AFRICAN GIANT SWALLOWTAIL,train
1,train/AFRICAN GIANT SWALLOWTAIL/019.jpg,AFRICAN GIANT SWALLOWTAIL,train
1,train/AFRICAN GIANT SWALLOWTAIL/020.jpg,AFRICAN GIANT SWALLOWTAIL,train
1,train/AFRICAN GIANT SWALLOWTAIL/021.jpg,AFRICAN GIANT SWALLOWTAIL,train
1,train/AFRICAN GIANT SWALLOWTAIL/022.jpg,AFRICAN GIANT SWALLOWTAIL,train
1,train/AFRICAN GIANT SWALLOWTAIL/023.jpg,AFRICAN GIANT SWALLOWTAIL,train
1,train/AFRICAN GIANT SWALLOWTAIL/024.jpg,AFRICAN GIANT SWALLOWTAIL,train
1,train/AFRICAN GIANT SWALLOWTAIL/025.jpg,AFRICAN GIANT SWALLOWTAIL,train
1,train/AFRICAN GIANT SWALLOWTAIL/026.jpg,AFRICAN GIANT SWALLOWTAIL,train
1,train/AFRICAN GIANT SWALLOWTAIL/027.jpg,AFRICAN GIANT SWALLOWTAIL,train
1,train/AFRICAN GIANT SWALLOWTAIL/028.jpg,AFRICAN GIANT SWALLOWTAIL,train
1,train/AFRICAN GIANT SWALLOWTAIL/029.jpg,AFRICAN GIANT SWALLOWTAIL,train
1,train/AFRICAN GIANT SWALLOWTAIL/030.jpg,AFRICAN GIANT SWALLOWTAIL,train
1,train/AFRICAN GIANT SWALLOWTAIL/031.jpg,AFRICAN GIANT SWALLOWTAIL,train
1,train/AFRICAN GIANT SWALLOWTAIL/032.jpg,AFRICAN GIANT SWALLOWTAIL,train
1,train/AFRICAN GIANT SWALLOWTAIL/033.jpg,AFRICAN GIANT SWALLOWTAIL,train
1,train/AFRICAN GIANT SWALLOWTAIL/034.jpg,AFRICAN GIANT SWALLOWTAIL,train
1,train/AFRICAN GIANT SWALLOWTAIL/035.jpg,AFRICAN GIANT SWALLOWTAIL,train
1,train/AFRICAN GIANT SWALLOWTAIL/036.jpg,AFRICAN GIANT SWALLOWTAIL,train
1,train/AFRICAN GIANT SWALLOWTAIL/037.jpg,AFRICAN GIANT SWALLOWTAIL,train
1,train/AFRICAN GIANT SWALLOWTAIL/038.jpg,AFRICAN GIANT SWALLOWTAIL,train
1,train/AFRICAN GIANT SWALLOWTAIL/039.jpg,AFRICAN GIANT SWALLOWTAIL,train
1,train/AFRICAN GIANT SWALLOWTAIL/040.jpg,AFRICAN GIANT SWALLOWTAIL,train
1,train/AFRICAN GIANT SWALLOWTAIL/041.jpg,AFRICAN GIANT SWALLOWTAIL,train
1,train/AFRICAN GIANT SWALLOWTAIL/042.jpg,AFRICAN GIANT SWALLOWTAIL,train
1,train/AFRICAN GIANT SWALLOWTAIL/043.jpg,AFRICAN GIANT SWALLOWTAIL,train
1,train/AFRICAN GIANT SWALLOWTAIL/044.jpg,AFRICAN GIANT SWALLOWTAIL,train
1,train/AFRICAN GIANT SWALLOWTAIL/045.jpg,AFRICAN GIANT SWALLOWTAIL,train
1,train/AFRICAN GIANT SWALLOWTAIL/046.jpg,AFRICAN GIANT SWALLOWTAIL,train
1,train/AFRICAN GIANT SWALLOWTAIL/047.jpg,AFRICAN GIANT SWALLOWTAIL,train
1,train/AFRICAN GIANT SWALLOWTAIL/048.jpg,AFRICAN GIANT SWALLOWTAIL,train
1,train/AFRICAN GIANT SWALLOWTAIL/049.jpg,AFRICAN GIANT SWALLOWTAIL,train
1,train/AFRICAN GIANT SWALLOWTAIL/050.jpg,AFRICAN GIANT SWALLOWTAIL,train
1,train/AFRICAN GIANT SWALLOWTAIL/051.jpg,AFRICAN GIANT SWALLOWTAIL,train
1,train/AFRICAN GIANT SWALLOWTAIL/052.jpg,AFRICAN GIANT SWALLOWTAIL,train
1,train/AFRICAN GIANT SWALLOWTAIL/053.jpg,AFRICAN GIANT SWALLOWTAIL,train
1,train/AFRICAN GIANT SWALLOWTAIL/054.jpg,AFRICAN GIANT SWALLOWTAIL,train
1,train/AFRICAN GIANT SWALLOWTAIL/055.jpg,AFRICAN GIANT SWALLOWTAIL,train
1,train/AFRICAN GIANT SWALLOWTAIL/056.jpg,AFRICAN GIANT SWALLOWTAIL,train
1,train/AFRICAN GIANT SWALLOWTAIL/057.jpg,AFRICAN GIANT SWALLOWTAIL,train
1,train/AFRICAN GIANT SWALLOWTAIL/058.jpg,AFRICAN GIANT SWALLOWTAIL,train
1,train/AFRICAN GIANT SWALLOWTAIL/059.jpg,AFRICAN GIANT SWALLOWTAIL,train
1,train/AFRICAN GIANT SWALLOWTAIL/060.jpg,AFRICAN GIANT SWALLOWTAIL,train
1,train/AFRICAN GIANT SWALLOWTAIL/061.jpg,AFRICAN GIANT SWALLOWTAIL,train
1,train/AFRICAN GIANT SWALLOWTAIL/062.jpg,AFRICAN GIANT SWALLOWTAIL,train
1,train/AFRICAN GIANT SWALLOWTAIL/063.jpg,AFRICAN GIANT SWALLOWTAIL,train
1,train/AFRICAN GIANT SWALLOWTAIL/064.jpg,AFRICAN GIANT SWALLOWTAIL,train
1,train/AFRICAN GIANT SWALLOWTAIL/065.jpg,AFRICAN GIANT SWALLOWTAIL,train
1,train/AFRICAN GIANT SWALLOWTAIL/066.jpg,AFRICAN GIANT SWALLOWTAIL,train
1,train/AFRICAN GIANT SWALLOWTAIL/067.jpg,AFRICAN GIANT SWALLOWTAIL,train
1,train/AFRICAN GIANT SWALLOWTAIL/068.jpg,AFRICAN GIANT SWALLOWTAIL,train
1,train/AFRICAN GIANT SWALLOWTAIL/069.jpg,AFRICAN GIANT SWALLOWTAIL,train
1,train/AFRICAN GIANT SWALLOWTAIL/070.jpg,AFRICAN GIANT SWALLOWTAIL,train
1,train/AFRICAN GIANT SWALLOWTAIL/071.jpg,AFRICAN GIANT SWALLOWTAIL,train
1,train/AFRICAN GIANT SWALLOWTAIL/072.jpg,AFRICAN GIANT SWALLOWTAIL,train
1,train/AFRICAN GIANT SWALLOWTAIL/073.jpg,AFRICAN GIANT SWALLOWTAIL,train
1,train/AFRICAN GIANT SWALLOWTAIL/074.jpg,AFRICAN GIANT SWALLOWTAIL,train
1,train/AFRICAN GIANT SWALLOWTAIL/075.jpg,AFRICAN GIANT SWALLOWTAIL,train
1,train/AFRICAN GIANT SWALLOWTAIL/076.jpg,AFRICAN GIANT SWALLOWTAIL,train
1,train/AFRICAN GIANT SWALLOWTAIL/077.jpg,AFRICAN GIANT SWALLOWTAIL,train
1,train/AFRICAN GIANT SWALLOWTAIL/078.jpg,AFRICAN GIANT SWALLOWTAIL,train
1,train/AFRICAN GIANT SWALLOWTAIL/079.jpg,AFRICAN GIANT SWALLOWTAIL,train
1,train/AFRICAN GIANT SWALLOWTAIL/080.jpg,AFRICAN GIANT SWALLOWTAIL,train
1,train/AFRICAN GIANT SWALLOWTAIL/081.jpg,AFRICAN GIANT SWALLOWTAIL,train
1,train/AFRICAN GIANT SWALLOWTAIL/082.jpg,AFRICAN GIANT SWALLOWTAIL,train
1,train/AFRICAN GIANT SWALLOWTAIL/083.jpg,AFRICAN GIANT SWALLOWTAIL,train
1,train/AFRICAN GIANT SWALLOWTAIL/084.jpg,AFRICAN GIANT SWALLOWTAIL,train
1,train/AFRICAN GIANT SWALLOWTAIL/085.jpg,AFRICAN GIANT SWALLOWTAIL,train
1,train/AFRICAN GIANT SWALLOWTAIL/086.jpg,AFRICAN GIANT SWALLOWTAIL,train
1,train/AFRICAN GIANT SWALLOWTAIL/087.jpg,AFRICAN GIANT SWALLOWTAIL,train
1,train/AFRICAN GIANT SWALLOWTAIL/088.jpg,AFRICAN GIANT SWALLOWTAIL,train
1,train/AFRICAN GIANT SWALLOWTAIL/089.jpg,AFRICAN GIANT SWALLOWTAIL,train
1,train/AFRICAN GIANT SWALLOWTAIL/090.jpg,AFRICAN GIANT SWALLOWTAIL,train
1,train/AFRICAN GIANT SWALLOWTAIL/091.jpg,AFRICAN GIANT SWALLOWTAIL,train
1,train/AFRICAN GIANT SWALLOWTAIL/092.jpg,AFRICAN GIANT SWALLOWTAIL,train
1,train/AFRICAN GIANT SWALLOWTAIL/093.jpg,AFRICAN GIANT SWALLOWTAIL,train
1,train/AFRICAN GIANT SWALLOWTAIL/094.jpg,AFRICAN GIANT SWALLOWTAIL,train
1,train/AFRICAN GIANT SWALLOWTAIL/095.jpg,AFRICAN GIANT SWALLOWTAIL,train
1,train/AFRICAN GIANT SWALLOWTAIL/096.jpg,AFRICAN GIANT SWALLOWTAIL,train
1,train/AFRICAN GIANT SWALLOWTAIL/097.jpg,AFRICAN GIANT SWALLOWTAIL,train
1,train/AFRICAN GIANT SWALLOWTAIL/098.jpg,AFRICAN GIANT SWALLOWTAIL,train
1,train/AFRICAN GIANT SWALLOWTAIL/099.jpg,AFRICAN GIANT SWALLOWTAIL,train
1,train/AFRICAN GIANT SWALLOWTAIL/100.jpg,AFRICAN GIANT SWALLOWTAIL,train
1,train/AFRICAN GIANT SWALLOWTAIL/101.jpg,AFRICAN GIANT SWALLOWTAIL,train
1,train/AFRICAN GIANT SWALLOWTAIL/102.jpg,AFRICAN GIANT SWALLOWTAIL,train
1,train/AFRICAN GIANT SWALLOWTAIL/103.jpg,AFRICAN GIANT SWALLOWTAIL,train
1,train/AFRICAN GIANT SWALLOWTAIL/104.jpg,AFRICAN GIANT SWALLOWTAIL,train
1,train/AFRICAN GIANT SWALLOWTAIL/105.jpg,AFRICAN GIANT SWALLOWTAIL,train
1,train/AFRICAN GIANT SWALLOWTAIL/106.jpg,AFRICAN GIANT SWALLOWTAIL,train
1,train/AFRICAN GIANT SWALLOWTAIL/107.jpg,AFRICAN GIANT SWALLOWTAIL,train
2,train/AMERICAN SNOOT/001.jpg,AMERICAN SNOOT,train
2,train/AMERICAN SNOOT/002.jpg,AMERICAN SNOOT,train
2,train/AMERICAN SNOOT/003.jpg,AMERICAN SNOOT,train
2,train/AMERICAN SNOOT/004.jpg,AMERICAN SNOOT,train
2,train/AMERICAN SNOOT/005.jpg,AMERICAN SNOOT,train
2,train/AMERICAN SNOOT/006.jpg,AMERICAN SNOOT,train
2,train/AMERICAN SNOOT/007.jpg,AMERICAN SNOOT,train
2,train/AMERICAN SNOOT/008.jpg,AMERICAN SNOOT,train
2,train/AMERICAN SNOOT/009.jpg,AMERICAN SNOOT,train
2,train/AMERICAN SNOOT/010.jpg,AMERICAN SNOOT,train
2,train/AMERICAN SNOOT/011.jpg,AMERICAN SNOOT,train
2,train/AMERICAN SNOOT/012.jpg,AMERICAN SNOOT,train
2,train/AMERICAN SNOOT/013.jpg,AMERICAN SNOOT,train
2,train/AMERICAN SNOOT/014.jpg,AMERICAN SNOOT,train
2,train/AMERICAN SNOOT/015.jpg,AMERICAN SNOOT,train
2,train/AMERICAN SNOOT/016.jpg,AMERICAN SNOOT,train
2,train/AMERICAN SNOOT/017.jpg,AMERICAN SNOOT,train
2,train/AMERICAN SNOOT/018.jpg,AMERICAN SNOOT,train
2,train/AMERICAN SNOOT/019.jpg,AMERICAN SNOOT,train
2,train/AMERICAN SNOOT/020.jpg,AMERICAN SNOOT,train
2,train/AMERICAN SNOOT/021.jpg,AMERICAN SNOOT,train
2,train/AMERICAN SNOOT/022.jpg,AMERICAN SNOOT,train
2,train/AMERICAN SNOOT/023.jpg,AMERICAN SNOOT,train
2,train/AMERICAN SNOOT/024.jpg,AMERICAN SNOOT,train
2,train/AMERICAN SNOOT/025.jpg,AMERICAN SNOOT,train
2,train/AMERICAN SNOOT/026.jpg,AMERICAN SNOOT,train
2,train/AMERICAN SNOOT/027.jpg,AMERICAN SNOOT,train
2,train/AMERICAN SNOOT/028.jpg,AMERICAN SNOOT,train
2,train/AMERICAN SNOOT/029.jpg,AMERICAN SNOOT,train
2,train/AMERICAN SNOOT/030.jpg,AMERICAN SNOOT,train
2,train/AMERICAN SNOOT/031.jpg,AMERICAN SNOOT,train
2,train/AMERICAN SNOOT/032.jpg,AMERICAN SNOOT,train
2,train/AMERICAN SNOOT/033.jpg,AMERICAN SNOOT,train
2,train/AMERICAN SNOOT/034.jpg,AMERICAN SNOOT,train
2,train/AMERICAN SNOOT/035.jpg,AMERICAN SNOOT,train
2,train/AMERICAN SNOOT/036.jpg,AMERICAN SNOOT,train
2,train/AMERICAN SNOOT/037.jpg,AMERICAN SNOOT,train
2,train/AMERICAN SNOOT/038.jpg,AMERICAN SNOOT,train
2,train/AMERICAN SNOOT/039.jpg,AMERICAN SNOOT,train
2,train/AMERICAN SNOOT/040.jpg,AMERICAN SNOOT,train
2,train/AMERICAN SNOOT/041.jpg,AMERICAN SNOOT,train
2,train/AMERICAN SNOOT/042.jpg,AMERICAN SNOOT,train
2,train/AMERICAN SNOOT/043.jpg,AMERICAN SNOOT,train
2,train/AMERICAN SNOOT/044.jpg,AMERICAN SNOOT,train
2,train/AMERICAN SNOOT/045.jpg,AMERICAN SNOOT,train
2,train/AMERICAN SNOOT/046.jpg,AMERICAN SNOOT,train
2,train/AMERICAN SNOOT/047.jpg,AMERICAN SNOOT,train
2,train/AMERICAN SNOOT/048.jpg,AMERICAN SNOOT,train
2,train/AMERICAN SNOOT/049.jpg,AMERICAN SNOOT,train
2,train/AMERICAN SNOOT/050.jpg,AMERICAN SNOOT,train
2,train/AMERICAN SNOOT/051.jpg,AMERICAN SNOOT,train
2,train/AMERICAN SNOOT/052.jpg,AMERICAN SNOOT,train
2,train/AMERICAN SNOOT/053.jpg,AMERICAN SNOOT,train
2,train/AMERICAN SNOOT/054.jpg,AMERICAN SNOOT,train
2,train/AMERICAN SNOOT/055.jpg,AMERICAN SNOOT,train
2,train/AMERICAN SNOOT/056.jpg,AMERICAN SNOOT,train
2,train/AMERICAN SNOOT/057.jpg,AMERICAN SNOOT,train
2,train/AMERICAN SNOOT/058.jpg,AMERICAN SNOOT,train
2,train/AMERICAN SNOOT/059.jpg,AMERICAN SNOOT,train
2,train/AMERICAN SNOOT/060.jpg,AMERICAN SNOOT,train
2,train/AMERICAN SNOOT/061.jpg,AMERICAN SNOOT,train
2,train/AMERICAN SNOOT/062.jpg,AMERICAN SNOOT,train
2,train/AMERICAN SNOOT/063.jpg,AMERICAN SNOOT,train
2,train/AMERICAN SNOOT/064.jpg,AMERICAN SNOOT,train
2,train/AMERICAN SNOOT/065.jpg,AMERICAN SNOOT,train
2,train/AMERICAN SNOOT/066.jpg,AMERICAN SNOOT,train
2,train/AMERICAN SNOOT/067.jpg,AMERICAN SNOOT,train
2,train/AMERICAN SNOOT/068.jpg,AMERICAN SNOOT,train
2,train/AMERICAN SNOOT/069.jpg,AMERICAN SNOOT,train
2,train/AMERICAN SNOOT/070.jpg,AMERICAN SNOOT,train
2,train/AMERICAN SNOOT/071.jpg,AMERICAN SNOOT,train
2,train/AMERICAN SNOOT/072.jpg,AMERICAN SNOOT,train
2,train/AMERICAN SNOOT/073.jpg,AMERICAN SNOOT,train
2,train/AMERICAN SNOOT/074.jpg,AMERICAN SNOOT,train
2,train/AMERICAN SNOOT/075.jpg,AMERICAN SNOOT,train
2,train/AMERICAN SNOOT/076.jpg,AMERICAN SNOOT,train
2,train/AMERICAN SNOOT/077.jpg,AMERICAN SNOOT,train
2,train/AMERICAN SNOOT/078.jpg,AMERICAN SNOOT,train
2,train/AMERICAN SNOOT/079.jpg,AMERICAN SNOOT,train
2,train/AMERICAN SNOOT/080.jpg,AMERICAN SNOOT,train
2,train/AMERICAN SNOOT/081.jpg,AMERICAN SNOOT,train
2,train/AMERICAN SNOOT/082.jpg,AMERICAN SNOOT,train
2,train/AMERICAN SNOOT/083.jpg,AMERICAN SNOOT,train
2,train/AMERICAN SNOOT/084.jpg,AMERICAN SNOOT,train
2,train/AMERICAN SNOOT/085.jpg,AMERICAN SNOOT,train
2,train/AMERICAN SNOOT/086.jpg,AMERICAN SNOOT,train
2,train/AMERICAN SNOOT/087.jpg,AMERICAN SNOOT,train
2,train/AMERICAN SNOOT/088.jpg,AMERICAN SNOOT,train
2,train/AMERICAN SNOOT/089.jpg,AMERICAN SNOOT,train
2,train/AMERICAN SNOOT/090.jpg,AMERICAN SNOOT,train
2,train/AMERICAN SNOOT/091.jpg,AMERICAN SNOOT,train
2,train/AMERICAN SNOOT/092.jpg,AMERICAN SNOOT,train
2,train/AMERICAN SNOOT/093.jpg,AMERICAN SNOOT,train
2,train/AMERICAN SNOOT/094.jpg,AMERICAN SNOOT,train
2,train/AMERICAN SNOOT/095.jpg,AMERICAN SNOOT,train
2,train/AMERICAN SNOOT/096.jpg,AMERICAN SNOOT,train
2,train/AMERICAN SNOOT/097.jpg,AMERICAN SNOOT,train
2,train/AMERICAN SNOOT/098.jpg,AMERICAN SNOOT,train
2,train/AMERICAN SNOOT/099.jpg,AMERICAN SNOOT,train
2,train/AMERICAN SNOOT/100.jpg,AMERICAN SNOOT,train
2,train/AMERICAN SNOOT/101.jpg,AMERICAN SNOOT,train
2,train/AMERICAN SNOOT/102.jpg,AMERICAN SNOOT,train
2,train/AMERICAN SNOOT/103.jpg,AMERICAN SNOOT,train
2,train/AMERICAN SNOOT/104.jpg,AMERICAN SNOOT,train
2,train/AMERICAN SNOOT/105.jpg,AMERICAN SNOOT,train
3,train/AN 88/001.jpg,AN 88,train
3,train/AN 88/002.jpg,AN 88,train
3,train/AN 88/003.jpg,AN 88,train
3,train/AN 88/004.jpg,AN 88,train
3,train/AN 88/005.jpg,AN 88,train
3,train/AN 88/006.jpg,AN 88,train
3,train/AN 88/007.jpg,AN 88,train
3,train/AN 88/008.jpg,AN 88,train
3,train/AN 88/009.jpg,AN 88,train
3,train/AN 88/010.jpg,AN 88,train
3,train/AN 88/011.jpg,AN 88,train
3,train/AN 88/012.jpg,AN 88,train
3,train/AN 88/013.jpg,AN 88,train
3,train/AN 88/014.jpg,AN 88,train
3,train/AN 88/015.jpg,AN 88,train
3,train/AN 88/016.jpg,AN 88,train
3,train/AN 88/017.jpg,AN 88,train
3,train/AN 88/018.jpg,AN 88,train
3,train/AN 88/019.jpg,AN 88,train
3,train/AN 88/020.jpg,AN 88,train
3,train/AN 88/021.jpg,AN 88,train
3,train/AN 88/022.jpg,AN 88,train
3,train/AN 88/023.jpg,AN 88,train
3,train/AN 88/024.jpg,AN 88,train
3,train/AN 88/025.jpg,AN 88,train
3,train/AN 88/026.jpg,AN 88,train
3,train/AN 88/027.jpg,AN 88,train
3,train/AN 88/028.jpg,AN 88,train
3,train/AN 88/029.jpg,AN 88,train
3,train/AN 88/030.jpg,AN 88,train
3,train/AN 88/031.jpg,AN 88,train
3,train/AN 88/032.jpg,AN 88,train
3,train/AN 88/033.jpg,AN 88,train
3,train/AN 88/034.jpg,AN 88,train
3,train/AN 88/035.jpg,AN 88,train
3,train/AN 88/036.jpg,AN 88,train
3,train/AN 88/037.jpg,AN 88,train
3,train/AN 88/038.jpg,AN 88,train
3,train/AN 88/039.jpg,AN 88,train
3,train/AN 88/040.jpg,AN 88,train
3,train/AN 88/041.jpg,AN 88,train
3,train/AN 88/042.jpg,AN 88,train
3,train/AN 88/043.jpg,AN 88,train
3,train/AN 88/044.jpg,AN 88,train
3,train/AN 88/045.jpg,AN 88,train
3,train/AN 88/046.jpg,AN 88,train
3,train/AN 88/047.jpg,AN 88,train
3,train/AN 88/048.jpg,AN 88,train
3,train/AN 88/049.jpg,AN 88,train
3,train/AN 88/050.jpg,AN 88,train
3,train/AN 88/051.jpg,AN 88,train
3,train/AN 88/052.jpg,AN 88,train
3,train/AN 88/053.jpg,AN 88,train
3,train/AN 88/054.jpg,AN 88,train
3,train/AN 88/055.jpg,AN 88,train
3,train/AN 88/056.jpg,AN 88,train
3,train/AN 88/057.jpg,AN 88,train
3,train/AN 88/058.jpg,AN 88,train
3,train/AN 88/059.jpg,AN 88,train
3,train/AN 88/060.jpg,AN 88,train
3,train/AN 88/061.jpg,AN 88,train
3,train/AN 88/062.jpg,AN 88,train
3,train/AN 88/063.jpg,AN 88,train
3,train/AN 88/064.jpg,AN 88,train
3,train/AN 88/065.jpg,AN 88,train
3,train/AN 88/066.jpg,AN 88,train
3,train/AN 88/067.jpg,AN 88,train
3,train/AN 88/068.jpg,AN 88,train
3,train/AN 88/069.jpg,AN 88,train
3,train/AN 88/070.jpg,AN 88,train
3,train/AN 88/071.jpg,AN 88,train
3,train/AN 88/072.jpg,AN 88,train
3,train/AN 88/073.jpg,AN 88,train
3,train/AN 88/074.jpg,AN 88,train
3,train/AN 88/075.jpg,AN 88,train
3,train/AN 88/076.jpg,AN 88,train
3,train/AN 88/077.jpg,AN 88,train
3,train/AN 88/078.jpg,AN 88,train
3,train/AN 88/079.jpg,AN 88,train
3,train/AN 88/080.jpg,AN 88,train
3,train/AN 88/081.jpg,AN 88,train
3,train/AN 88/082.jpg,AN 88,train
3,train/AN 88/083.jpg,AN 88,train
3,train/AN 88/084.jpg,AN 88,train
3,train/AN 88/085.jpg,AN 88,train
3,train/AN 88/086.jpg,AN 88,train
3,train/AN 88/087.jpg,AN 88,train
3,train/AN 88/088.jpg,AN 88,train
3,train/AN 88/089.jpg,AN 88,train
3,train/AN 88/090.jpg,AN 88,train
3,train/AN 88/091.jpg,AN 88,train
3,train/AN 88/092.jpg,AN 88,train
3,train/AN 88/093.jpg,AN 88,train
3,train/AN 88/094.jpg,AN 88,train
3,train/AN 88/095.jpg,AN 88,train
3,train/AN 88/096.jpg,AN 88,train
3,train/AN 88/097.jpg,AN 88,train
3,train/AN 88/098.jpg,AN 88,train
3,train/AN 88/099.jpg,AN 88,train
3,train/AN 88/100.jpg,AN 88,train
3,train/AN 88/101.jpg,AN 88,train
3,train/AN 88/102.jpg,AN 88,train
3,train/AN 88/103.jpg,AN 88,train
3,train/AN 88/104.jpg,AN 88,train
3,train/AN 88/105.jpg,AN 88,train
3,train/AN 88/106.jpg,AN 88,train
3,train/AN 88/107.jpg,AN 88,train
3,train/AN 88/108.jpg,AN 88,train
3,train/AN 88/109.jpg,AN 88,train
3,train/AN 88/110.jpg,AN 88,train
3,train/AN 88/111.jpg,AN 88,train
3,train/AN 88/112.jpg,AN 88,train
3,train/AN 88/113.jpg,AN 88,train
3,train/AN 88/114.jpg,AN 88,train
3,train/AN 88/115.jpg,AN 88,train
3,train/AN 88/116.jpg,AN 88,train
3,train/AN 88/117.jpg,AN 88,train
3,train/AN 88/118.jpg,AN 88,train
3,train/AN 88/119.jpg,AN 88,train
3,train/AN 88/120.jpg,AN 88,train
3,train/AN 88/121.jpg,AN 88,train
4,train/APPOLLO/001.jpg,APPOLLO,train
4,train/APPOLLO/002.jpg,APPOLLO,train
4,train/APPOLLO/003.jpg,APPOLLO,train
4,train/APPOLLO/004.jpg,APPOLLO,train
4,train/APPOLLO/005.jpg,APPOLLO,train
4,train/APPOLLO/006.jpg,APPOLLO,train
4,train/APPOLLO/007.jpg,APPOLLO,train
4,train/APPOLLO/008.jpg,APPOLLO,train
4,train/APPOLLO/009.jpg,APPOLLO,train
4,train/APPOLLO/010.jpg,APPOLLO,train
4,train/APPOLLO/011.jpg,APPOLLO,train
4,train/APPOLLO/012.jpg,APPOLLO,train
4,train/APPOLLO/013.jpg,APPOLLO,train
4,train/APPOLLO/014.jpg,APPOLLO,train
4,train/APPOLLO/015.jpg,APPOLLO,train
4,train/APPOLLO/016.jpg,APPOLLO,train
4,train/APPOLLO/017.jpg,APPOLLO,train
4,train/APPOLLO/018.jpg,APPOLLO,train
4,train/APPOLLO/019.jpg,APPOLLO,train
4,train/APPOLLO/020.jpg,APPOLLO,train
4,train/APPOLLO/021.jpg,APPOLLO,train
4,train/APPOLLO/022.jpg,APPOLLO,train
4,train/APPOLLO/023.jpg,APPOLLO,train
4,train/APPOLLO/024.jpg,APPOLLO,train
4,train/APPOLLO/025.jpg,APPOLLO,train
4,train/APPOLLO/026.jpg,APPOLLO,train
4,train/APPOLLO/027.jpg,APPOLLO,train
4,train/APPOLLO/028.jpg,APPOLLO,train
4,train/APPOLLO/029.jpg,APPOLLO,train
4,train/APPOLLO/030.jpg,APPOLLO,train
4,train/APPOLLO/031.jpg,APPOLLO,train
4,train/APPOLLO/032.jpg,APPOLLO,train
4,train/APPOLLO/033.jpg,APPOLLO,train
4,train/APPOLLO/034.jpg,APPOLLO,train
4,train/APPOLLO/035.jpg,APPOLLO,train
4,train/APPOLLO/036.jpg,APPOLLO,train
4,train/APPOLLO/037.jpg,APPOLLO,train
4,train/APPOLLO/038.jpg,APPOLLO,train
4,train/APPOLLO/039.jpg,APPOLLO,train
4,train/APPOLLO/040.jpg,APPOLLO,train
4,train/APPOLLO/041.jpg,APPOLLO,train
4,train/APPOLLO/042.jpg,APPOLLO,train
4,train/APPOLLO/043.jpg,APPOLLO,train
4,train/APPOLLO/044.jpg,APPOLLO,train
4,train/APPOLLO/045.jpg,APPOLLO,train
4,train/APPOLLO/046.jpg,APPOLLO,train
4,train/APPOLLO/047.jpg,APPOLLO,train
4,train/APPOLLO/048.jpg,APPOLLO,train
4,train/APPOLLO/049.jpg,APPOLLO,train
4,train/APPOLLO/050.jpg,APPOLLO,train
4,train/APPOLLO/051.jpg,APPOLLO,train
4,train/APPOLLO/052.jpg,APPOLLO,train
4,train/APPOLLO/053.jpg,APPOLLO,train
4,train/APPOLLO/054.jpg,APPOLLO,train
4,train/APPOLLO/055.jpg,APPOLLO,train
4,train/APPOLLO/056.jpg,APPOLLO,train
4,train/APPOLLO/057.jpg,APPOLLO,train
4,train/APPOLLO/058.jpg,APPOLLO,train
4,train/APPOLLO/059.jpg,APPOLLO,train
4,train/APPOLLO/060.jpg,APPOLLO,train
4,train/APPOLLO/061.jpg,APPOLLO,train
4,train/APPOLLO/062.jpg,APPOLLO,train
4,train/APPOLLO/063.jpg,APPOLLO,train
4,train/APPOLLO/064.jpg,APPOLLO,train
4,train/APPOLLO/065.jpg,APPOLLO,train
4,train/APPOLLO/066.jpg,APPOLLO,train
4,train/APPOLLO/067.jpg,APPOLLO,train
4,train/APPOLLO/068.jpg,APPOLLO,train
4,train/APPOLLO/069.jpg,APPOLLO,train
4,train/APPOLLO/070.jpg,APPOLLO,train
4,train/APPOLLO/071.jpg,APPOLLO,train
4,train/APPOLLO/072.jpg,APPOLLO,train
4,train/APPOLLO/073.jpg,APPOLLO,train
4,train/APPOLLO/074.jpg,APPOLLO,train
4,train/APPOLLO/075.jpg,APPOLLO,train
4,train/APPOLLO/076.jpg,APPOLLO,train
4,train/APPOLLO/077.jpg,APPOLLO,train
4,train/APPOLLO/078.jpg,APPOLLO,train
4,train/APPOLLO/079.jpg,APPOLLO,train
4,train/APPOLLO/080.jpg,APPOLLO,train
4,train/APPOLLO/081.jpg,APPOLLO,train
4,train/APPOLLO/082.jpg,APPOLLO,train
4,train/APPOLLO/083.jpg,APPOLLO,train
4,train/APPOLLO/084.jpg,APPOLLO,train
4,train/APPOLLO/085.jpg,APPOLLO,train
4,train/APPOLLO/086.jpg,APPOLLO,train
4,train/APPOLLO/087.jpg,APPOLLO,train
4,train/APPOLLO/088.jpg,APPOLLO,train
4,train/APPOLLO/089.jpg,APPOLLO,train
4,train/APPOLLO/090.jpg,APPOLLO,train
4,train/APPOLLO/091.jpg,APPOLLO,train
4,train/APPOLLO/092.jpg,APPOLLO,train
4,train/APPOLLO/093.jpg,APPOLLO,train
4,train/APPOLLO/094.jpg,APPOLLO,train
4,train/APPOLLO/095.jpg,APPOLLO,train
4,train/APPOLLO/096.jpg,APPOLLO,train
4,train/APPOLLO/097.jpg,APPOLLO,train
4,train/APPOLLO/098.jpg,APPOLLO,train
4,train/APPOLLO/099.jpg,APPOLLO,train
4,train/APPOLLO/100.jpg,APPOLLO,train
4,train/APPOLLO/101.jpg,APPOLLO,train
4,train/APPOLLO/102.jpg,APPOLLO,train
4,train/APPOLLO/103.jpg,APPOLLO,train
4,train/APPOLLO/104.jpg,APPOLLO,train
4,train/APPOLLO/105.jpg,APPOLLO,train
4,train/APPOLLO/106.jpg,APPOLLO,train
4,train/APPOLLO/107.jpg,APPOLLO,train
4,train/APPOLLO/108.jpg,APPOLLO,train
4,train/APPOLLO/109.jpg,APPOLLO,train
4,train/APPOLLO/110.jpg,APPOLLO,train
4,train/APPOLLO/111.jpg,APPOLLO,train
4,train/APPOLLO/112.jpg,APPOLLO,train
4,train/APPOLLO/113.jpg,APPOLLO,train
4,train/APPOLLO/114.jpg,APPOLLO,train
4,train/APPOLLO/115.jpg,APPOLLO,train
4,train/APPOLLO/116.jpg,APPOLLO,train
4,train/APPOLLO/117.jpg,APPOLLO,train
4,train/APPOLLO/118.jpg,APPOLLO,train
4,train/APPOLLO/119.jpg,APPOLLO,train
4,train/APPOLLO/120.jpg,APPOLLO,train
4,train/APPOLLO/121.jpg,APPOLLO,train
4,train/APPOLLO/122.jpg,APPOLLO,train
4,train/APPOLLO/123.jpg,APPOLLO,train
4,train/APPOLLO/124.jpg,APPOLLO,train
4,train/APPOLLO/125.jpg,APPOLLO,train
4,train/APPOLLO/126.jpg,APPOLLO,train
4,train/APPOLLO/127.jpg,APPOLLO,train
4,train/APPOLLO/128.jpg,APPOLLO,train
5,train/ARCIGERA FLOWER MOTH/001.jpg,ARCIGERA FLOWER MOTH,train
5,train/ARCIGERA FLOWER MOTH/002.jpg,ARCIGERA FLOWER MOTH,train
5,train/ARCIGERA FLOWER MOTH/003.jpg,ARCIGERA FLOWER MOTH,train
5,train/ARCIGERA FLOWER MOTH/004.jpg,ARCIGERA FLOWER MOTH,train
5,train/ARCIGERA FLOWER MOTH/005.jpg,ARCIGERA FLOWER MOTH,train
5,train/ARCIGERA FLOWER MOTH/006.jpg,ARCIGERA FLOWER MOTH,train
5,train/ARCIGERA FLOWER MOTH/007.jpg,ARCIGERA FLOWER MOTH,train
5,train/ARCIGERA FLOWER MOTH/008.jpg,ARCIGERA FLOWER MOTH,train
5,train/ARCIGERA FLOWER MOTH/009.jpg,ARCIGERA FLOWER MOTH,train
5,train/ARCIGERA FLOWER MOTH/010.jpg,ARCIGERA FLOWER MOTH,train
5,train/ARCIGERA FLOWER MOTH/011.jpg,ARCIGERA FLOWER MOTH,train
5,train/ARCIGERA FLOWER MOTH/012.jpg,ARCIGERA FLOWER MOTH,train
5,train/ARCIGERA FLOWER MOTH/013.jpg,ARCIGERA FLOWER MOTH,train
5,train/ARCIGERA FLOWER MOTH/014.jpg,ARCIGERA FLOWER MOTH,train
5,train/ARCIGERA FLOWER MOTH/015.jpg,ARCIGERA FLOWER MOTH,train
5,train/ARCIGERA FLOWER MOTH/016.jpg,ARCIGERA FLOWER MOTH,train
5,train/ARCIGERA FLOWER MOTH/017.jpg,ARCIGERA FLOWER MOTH,train
5,train/ARCIGERA FLOWER MOTH/018.jpg,ARCIGERA FLOWER MOTH,train
5,train/ARCIGERA FLOWER MOTH/019.jpg,ARCIGERA FLOWER MOTH,train
5,train/ARCIGERA FLOWER MOTH/020.jpg,ARCIGERA FLOWER MOTH,train
5,train/ARCIGERA FLOWER MOTH/021.jpg,ARCIGERA FLOWER MOTH,train
5,train/ARCIGERA FLOWER MOTH/022.jpg,ARCIGERA FLOWER MOTH,train
5,train/ARCIGERA FLOWER MOTH/023.jpg,ARCIGERA FLOWER MOTH,train
5,train/ARCIGERA FLOWER MOTH/024.jpg,ARCIGERA FLOWER MOTH,train
5,train/ARCIGERA FLOWER MOTH/025.jpg,ARCIGERA FLOWER MOTH,train
5,train/ARCIGERA FLOWER MOTH/026.jpg,ARCIGERA FLOWER MOTH,train
5,train/ARCIGERA FLOWER MOTH/027.jpg,ARCIGERA FLOWER MOTH,train
5,train/ARCIGERA FLOWER MOTH/028.jpg,ARCIGERA FLOWER MOTH,train
5,train/ARCIGERA FLOWER MOTH/029.jpg,ARCIGERA FLOWER MOTH,train
5,train/ARCIGERA FLOWER MOTH/030.jpg,ARCIGERA FLOWER MOTH,train
5,train/ARCIGERA FLOWER MOTH/031.jpg,ARCIGERA FLOWER MOTH,train
5,train/ARCIGERA FLOWER MOTH/032.jpg,ARCIGERA FLOWER MOTH,train
5,train/ARCIGERA FLOWER MOTH/033.jpg,ARCIGERA FLOWER MOTH,train
5,train/ARCIGERA FLOWER MOTH/034.jpg,ARCIGERA FLOWER MOTH,train
5,train/ARCIGERA FLOWER MOTH/035.jpg,ARCIGERA FLOWER MOTH,train
5,train/ARCIGERA FLOWER MOTH/036.jpg,ARCIGERA FLOWER MOTH,train
5,train/ARCIGERA FLOWER MOTH/037.jpg,ARCIGERA FLOWER MOTH,train
5,train/ARCIGERA FLOWER MOTH/038.jpg,ARCIGERA FLOWER MOTH,train
5,train/ARCIGERA FLOWER MOTH/039.jpg,ARCIGERA FLOWER MOTH,train
5,train/ARCIGERA FLOWER MOTH/040.jpg,ARCIGERA FLOWER MOTH,train
5,train/ARCIGERA FLOWER MOTH/041.jpg,ARCIGERA FLOWER MOTH,train
5,train/ARCIGERA FLOWER MOTH/042.jpg,ARCIGERA FLOWER MOTH,train
5,train/ARCIGERA FLOWER MOTH/043.jpg,ARCIGERA FLOWER MOTH,train
5,train/ARCIGERA FLOWER MOTH/044.jpg,ARCIGERA FLOWER MOTH,train
5,train/ARCIGERA FLOWER MOTH/045.jpg,ARCIGERA FLOWER MOTH,train
5,train/ARCIGERA FLOWER MOTH/046.jpg,ARCIGERA FLOWER MOTH,train
5,train/ARCIGERA FLOWER MOTH/047.jpg,ARCIGERA FLOWER MOTH,train
5,train/ARCIGERA FLOWER MOTH/048.jpg,ARCIGERA FLOWER MOTH,train
5,train/ARCIGERA FLOWER MOTH/049.jpg,ARCIGERA FLOWER MOTH,train
5,train/ARCIGERA FLOWER MOTH/050.jpg,ARCIGERA FLOWER MOTH,train
5,train/ARCIGERA FLOWER MOTH/051.jpg,ARCIGERA FLOWER MOTH,train
5,train/ARCIGERA FLOWER MOTH/052.jpg,ARCIGERA FLOWER MOTH,train
5,train/ARCIGERA FLOWER MOTH/053.jpg,ARCIGERA FLOWER MOTH,train
5,train/ARCIGERA FLOWER MOTH/054.jpg,ARCIGERA FLOWER MOTH,train
5,train/ARCIGERA FLOWER MOTH/055.jpg,ARCIGERA FLOWER MOTH,train
5,train/ARCIGERA FLOWER MOTH/056.jpg,ARCIGERA FLOWER MOTH,train
5,train/ARCIGERA FLOWER MOTH/057.jpg,ARCIGERA FLOWER MOTH,train
5,train/ARCIGERA FLOWER MOTH/058.jpg,ARCIGERA FLOWER MOTH,train
5,train/ARCIGERA FLOWER MOTH/059.jpg,ARCIGERA FLOWER MOTH,train
5,train/ARCIGERA FLOWER MOTH/060.jpg,ARCIGERA FLOWER MOTH,train
5,train/ARCIGERA FLOWER MOTH/061.jpg,ARCIGERA FLOWER MOTH,train
5,train/ARCIGERA FLOWER MOTH/062.jpg,ARCIGERA FLOWER MOTH,train
5,train/ARCIGERA FLOWER MOTH/063.jpg,ARCIGERA FLOWER MOTH,train
5,train/ARCIGERA FLOWER MOTH/064.jpg,ARCIGERA FLOWER MOTH,train
5,train/ARCIGERA FLOWER MOTH/065.jpg,ARCIGERA FLOWER MOTH,train
5,train/ARCIGERA FLOWER MOTH/066.jpg,ARCIGERA FLOWER MOTH,train
5,train/ARCIGERA FLOWER MOTH/067.jpg,ARCIGERA FLOWER MOTH,train
5,train/ARCIGERA FLOWER MOTH/068.jpg,ARCIGERA FLOWER MOTH,train
5,train/ARCIGERA FLOWER MOTH/069.jpg,ARCIGERA FLOWER MOTH,train
5,train/ARCIGERA FLOWER MOTH/070.jpg,ARCIGERA FLOWER MOTH,train
5,train/ARCIGERA FLOWER MOTH/071.jpg,ARCIGERA FLOWER MOTH,train
5,train/ARCIGERA FLOWER MOTH/072.jpg,ARCIGERA FLOWER MOTH,train
5,train/ARCIGERA FLOWER MOTH/073.jpg,ARCIGERA FLOWER MOTH,train
5,train/ARCIGERA FLOWER MOTH/074.jpg,ARCIGERA FLOWER MOTH,train
5,train/ARCIGERA FLOWER MOTH/075.jpg,ARCIGERA FLOWER MOTH,train
5,train/ARCIGERA FLOWER MOTH/076.jpg,ARCIGERA FLOWER MOTH,train
5,train/ARCIGERA FLOWER MOTH/077.jpg,ARCIGERA FLOWER MOTH,train
5,train/ARCIGERA FLOWER MOTH/078.jpg,ARCIGERA FLOWER MOTH,train
5,train/ARCIGERA FLOWER MOTH/079.jpg,ARCIGERA FLOWER MOTH,train
5,train/ARCIGERA FLOWER MOTH/080.jpg,ARCIGERA FLOWER MOTH,train
5,train/ARCIGERA FLOWER MOTH/081.jpg,ARCIGERA FLOWER MOTH,train
5,train/ARCIGERA FLOWER MOTH/082.jpg,ARCIGERA FLOWER MOTH,train
5,train/ARCIGERA FLOWER MOTH/083.jpg,ARCIGERA FLOWER MOTH,train
5,train/ARCIGERA FLOWER MOTH/084.jpg,ARCIGERA FLOWER MOTH,train
5,train/ARCIGERA FLOWER MOTH/085.jpg,ARCIGERA FLOWER MOTH,train
5,train/ARCIGERA FLOWER MOTH/086.jpg,ARCIGERA FLOWER MOTH,train
5,train/ARCIGERA FLOWER MOTH/087.jpg,ARCIGERA FLOWER MOTH,train
5,train/ARCIGERA FLOWER MOTH/088.jpg,ARCIGERA FLOWER MOTH,train
5,train/ARCIGERA FLOWER MOTH/089.jpg,ARCIGERA FLOWER MOTH,train
5,train/ARCIGERA FLOWER MOTH/090.jpg,ARCIGERA FLOWER MOTH,train
5,train/ARCIGERA FLOWER MOTH/091.jpg,ARCIGERA FLOWER MOTH,train
5,train/ARCIGERA FLOWER MOTH/092.jpg,ARCIGERA FLOWER MOTH,train
5,train/ARCIGERA FLOWER MOTH/093.jpg,ARCIGERA FLOWER MOTH,train
5,train/ARCIGERA FLOWER MOTH/094.jpg,ARCIGERA FLOWER MOTH,train
5,train/ARCIGERA FLOWER MOTH/095.jpg,ARCIGERA FLOWER MOTH,train
5,train/ARCIGERA FLOWER MOTH/096.jpg,ARCIGERA FLOWER MOTH,train
5,train/ARCIGERA FLOWER MOTH/097.jpg,ARCIGERA FLOWER MOTH,train
5,train/ARCIGERA FLOWER MOTH/098.jpg,ARCIGERA FLOWER MOTH,train
5,train/ARCIGERA FLOWER MOTH/099.jpg,ARCIGERA FLOWER MOTH,train
5,train/ARCIGERA FLOWER MOTH/100.jpg,ARCIGERA FLOWER MOTH,train
5,train/ARCIGERA FLOWER MOTH/101.jpg,ARCIGERA FLOWER MOTH,train
5,train/ARCIGERA FLOWER MOTH/102.jpg,ARCIGERA FLOWER MOTH,train
5,train/ARCIGERA FLOWER MOTH/103.jpg,ARCIGERA FLOWER MOTH,train
5,train/ARCIGERA FLOWER MOTH/104.jpg,ARCIGERA FLOWER MOTH,train
5,train/ARCIGERA FLOWER MOTH/105.jpg,ARCIGERA FLOWER MOTH,train
5,train/ARCIGERA FLOWER MOTH/106.jpg,ARCIGERA FLOWER MOTH,train
5,train/ARCIGERA FLOWER MOTH/107.jpg,ARCIGERA FLOWER MOTH,train
5,train/ARCIGERA FLOWER MOTH/108.jpg,ARCIGERA FLOWER MOTH,train
5,train/ARCIGERA FLOWER MOTH/109.jpg,ARCIGERA FLOWER MOTH,train
5,train/ARCIGERA FLOWER MOTH/110.jpg,ARCIGERA FLOWER MOTH,train
5,train/ARCIGERA FLOWER MOTH/111.jpg,ARCIGERA FLOWER MOTH,train
5,train/ARCIGERA FLOWER MOTH/112.jpg,ARCIGERA FLOWER MOTH,train
5,train/ARCIGERA FLOWER MOTH/113.jpg,ARCIGERA FLOWER MOTH,train
5,train/ARCIGERA FLOWER MOTH/114.jpg,ARCIGERA FLOWER MOTH,train
5,train/ARCIGERA FLOWER MOTH/115.jpg,ARCIGERA FLOWER MOTH,train
5,train/ARCIGERA FLOWER MOTH/116.jpg,ARCIGERA FLOWER MOTH,train
5,train/ARCIGERA FLOWER MOTH/117.jpg,ARCIGERA FLOWER MOTH,train
5,train/ARCIGERA FLOWER MOTH/118.jpg,ARCIGERA FLOWER MOTH,train
5,train/ARCIGERA FLOWER MOTH/119.jpg,ARCIGERA FLOWER MOTH,train
5,train/ARCIGERA FLOWER MOTH/120.jpg,ARCIGERA FLOWER MOTH,train
5,train/ARCIGERA FLOWER MOTH/121.jpg,ARCIGERA FLOWER MOTH,train
5,train/ARCIGERA FLOWER MOTH/122.jpg,ARCIGERA FLOWER MOTH,train
5,train/ARCIGERA FLOWER MOTH/123.jpg,ARCIGERA FLOWER MOTH,train
5,train/ARCIGERA FLOWER MOTH/124.jpg,ARCIGERA FLOWER MOTH,train
5,train/ARCIGERA FLOWER MOTH/125.jpg,ARCIGERA FLOWER MOTH,train
5,train/ARCIGERA FLOWER MOTH/126.jpg,ARCIGERA FLOWER MOTH,train
5,train/ARCIGERA FLOWER MOTH/127.jpg,ARCIGERA FLOWER MOTH,train
5,train/ARCIGERA FLOWER MOTH/128.jpg,ARCIGERA FLOWER MOTH,train
5,train/ARCIGERA FLOWER MOTH/129.jpg,ARCIGERA FLOWER MOTH,train
5,train/ARCIGERA FLOWER MOTH/130.jpg,ARCIGERA FLOWER MOTH,train
5,train/ARCIGERA FLOWER MOTH/131.jpg,ARCIGERA FLOWER MOTH,train
5,train/ARCIGERA FLOWER MOTH/132.jpg,ARCIGERA FLOWER MOTH,train
5,train/ARCIGERA FLOWER MOTH/133.jpg,ARCIGERA FLOWER MOTH,train
5,train/ARCIGERA FLOWER MOTH/134.jpg,ARCIGERA FLOWER MOTH,train
5,train/ARCIGERA FLOWER MOTH/135.jpg,ARCIGERA FLOWER MOTH,train
5,train/ARCIGERA FLOWER MOTH/136.jpg,ARCIGERA FLOWER MOTH,train
5,train/ARCIGERA FLOWER MOTH/137.jpg,ARCIGERA FLOWER MOTH,train
5,train/ARCIGERA FLOWER MOTH/138.jpg,ARCIGERA FLOWER MOTH,train
5,train/ARCIGERA FLOWER MOTH/139.jpg,ARCIGERA FLOWER MOTH,train
5,train/ARCIGERA FLOWER MOTH/140.jpg,ARCIGERA FLOWER MOTH,train
6,train/ATALA/001.jpg,ATALA,train
6,train/ATALA/002.jpg,ATALA,train
6,train/ATALA/003.jpg,ATALA,train
6,train/ATALA/004.jpg,ATALA,train
6,train/ATALA/005.jpg,ATALA,train
6,train/ATALA/006.jpg,ATALA,train
6,train/ATALA/007.jpg,ATALA,train
6,train/ATALA/008.jpg,ATALA,train
6,train/ATALA/009.jpg,ATALA,train
6,train/ATALA/010.jpg,ATALA,train
6,train/ATALA/011.jpg,ATALA,train
6,train/ATALA/012.jpg,ATALA,train
6,train/ATALA/013.jpg,ATALA,train
6,train/ATALA/014.jpg,ATALA,train
6,train/ATALA/015.jpg,ATALA,train
6,train/ATALA/016.jpg,ATALA,train
6,train/ATALA/017.jpg,ATALA,train
6,train/ATALA/018.jpg,ATALA,train
6,train/ATALA/019.jpg,ATALA,train
6,train/ATALA/020.jpg,ATALA,train
6,train/ATALA/021.jpg,ATALA,train
6,train/ATALA/022.jpg,ATALA,train
6,train/ATALA/023.jpg,ATALA,train
6,train/ATALA/024.jpg,ATALA,train
6,train/ATALA/025.jpg,ATALA,train
6,train/ATALA/026.jpg,ATALA,train
6,train/ATALA/027.jpg,ATALA,train
6,train/ATALA/028.jpg,ATALA,train
6,train/ATALA/029.jpg,ATALA,train
6,train/ATALA/030.jpg,ATALA,train
6,train/ATALA/031.jpg,ATALA,train
6,train/ATALA/032.jpg,ATALA,train
6,train/ATALA/033.jpg,ATALA,train
6,train/ATALA/034.jpg,ATALA,train
6,train/ATALA/035.jpg,ATALA,train
6,train/ATALA/036.jpg,ATALA,train
6,train/ATALA/037.jpg,ATALA,train
6,train/ATALA/038.jpg,ATALA,train
6,train/ATALA/039.jpg,ATALA,train
6,train/ATALA/040.jpg,ATALA,train
6,train/ATALA/041.jpg,ATALA,train
6,train/ATALA/042.jpg,ATALA,train
6,train/ATALA/043.jpg,ATALA,train
6,train/ATALA/044.jpg,ATALA,train
6,train/ATALA/045.jpg,ATALA,train
6,train/ATALA/046.jpg,ATALA,train
6,train/ATALA/047.jpg,ATALA,train
6,train/ATALA/048.jpg,ATALA,train
6,train/ATALA/049.jpg,ATALA,train
6,train/ATALA/050.jpg,ATALA,train
6,train/ATALA/051.jpg,ATALA,train
6,train/ATALA/052.jpg,ATALA,train
6,train/ATALA/053.jpg,ATALA,train
6,train/ATALA/054.jpg,ATALA,train
6,train/ATALA/055.jpg,ATALA,train
6,train/ATALA/056.jpg,ATALA,train
6,train/ATALA/057.jpg,ATALA,train
6,train/ATALA/058.jpg,ATALA,train
6,train/ATALA/059.jpg,ATALA,train
6,train/ATALA/060.jpg,ATALA,train
6,train/ATALA/061.jpg,ATALA,train
6,train/ATALA/062.jpg,ATALA,train
6,train/ATALA/063.jpg,ATALA,train
6,train/ATALA/064.jpg,ATALA,train
6,train/ATALA/065.jpg,ATALA,train
6,train/ATALA/066.jpg,ATALA,train
6,train/ATALA/067.jpg,ATALA,train
6,train/ATALA/068.jpg,ATALA,train
6,train/ATALA/069.jpg,ATALA,train
6,train/ATALA/070.jpg,ATALA,train
6,train/ATALA/071.jpg,ATALA,train
6,train/ATALA/072.jpg,ATALA,train
6,train/ATALA/073.jpg,ATALA,train
6,train/ATALA/074.jpg,ATALA,train
6,train/ATALA/075.jpg,ATALA,train
6,train/ATALA/076.jpg,ATALA,train
6,train/ATALA/077.jpg,ATALA,train
6,train/ATALA/078.jpg,ATALA,train
6,train/ATALA/079.jpg,ATALA,train
6,train/ATALA/080.jpg,ATALA,train
6,train/ATALA/081.jpg,ATALA,train
6,train/ATALA/082.jpg,ATALA,train
6,train/ATALA/083.jpg,ATALA,train
6,train/ATALA/084.jpg,ATALA,train
6,train/ATALA/085.jpg,ATALA,train
6,train/ATALA/086.jpg,ATALA,train
6,train/ATALA/087.jpg,ATALA,train
6,train/ATALA/088.jpg,ATALA,train
6,train/ATALA/089.jpg,ATALA,train
6,train/ATALA/090.jpg,ATALA,train
6,train/ATALA/091.jpg,ATALA,train
6,train/ATALA/092.jpg,ATALA,train
6,train/ATALA/093.jpg,ATALA,train
6,train/ATALA/094.jpg,ATALA,train
6,train/ATALA/095.jpg,ATALA,train
6,train/ATALA/096.jpg,ATALA,train
6,train/ATALA/097.jpg,ATALA,train
6,train/ATALA/098.jpg,ATALA,train
6,train/ATALA/099.jpg,ATALA,train
6,train/ATALA/100.jpg,ATALA,train
6,train/ATALA/101.jpg,ATALA,train
6,train/ATALA/102.jpg,ATALA,train
6,train/ATALA/103.jpg,ATALA,train
6,train/ATALA/104.jpg,ATALA,train
6,train/ATALA/105.jpg,ATALA,train
6,train/ATALA/106.jpg,ATALA,train
6,train/ATALA/107.jpg,ATALA,train
6,train/ATALA/108.jpg,ATALA,train
6,train/ATALA/109.jpg,ATALA,train
6,train/ATALA/110.jpg,ATALA,train
6,train/ATALA/111.jpg,ATALA,train
6,train/ATALA/112.jpg,ATALA,train
6,train/ATALA/113.jpg,ATALA,train
6,train/ATALA/114.jpg,ATALA,train
6,train/ATALA/115.jpg,ATALA,train
6,train/ATALA/116.jpg,ATALA,train
6,train/ATALA/117.jpg,ATALA,train
6,train/ATALA/118.jpg,ATALA,train
6,train/ATALA/119.jpg,ATALA,train
6,train/ATALA/120.jpg,ATALA,train
6,train/ATALA/121.jpg,ATALA,train
6,train/ATALA/122.jpg,ATALA,train
6,train/ATALA/123.jpg,ATALA,train
6,train/ATALA/124.jpg,ATALA,train
6,train/ATALA/125.jpg,ATALA,train
6,train/ATALA/126.jpg,ATALA,train
6,train/ATALA/127.jpg,ATALA,train
6,train/ATALA/128.jpg,ATALA,train
6,train/ATALA/129.jpg,ATALA,train
6,train/ATALA/130.jpg,ATALA,train
6,train/ATALA/131.jpg,ATALA,train
6,train/ATALA/132.jpg,ATALA,train
6,train/ATALA/133.jpg,ATALA,train
6,train/ATALA/134.jpg,ATALA,train
6,train/ATALA/135.jpg,ATALA,train
6,train/ATALA/136.jpg,ATALA,train
6,train/ATALA/137.jpg,ATALA,train
6,train/ATALA/138.jpg,ATALA,train
6,train/ATALA/139.jpg,ATALA,train
6,train/ATALA/140.jpg,ATALA,train
6,train/ATALA/141.jpg,ATALA,train
6,train/ATALA/142.jpg,ATALA,train
6,train/ATALA/143.jpg,ATALA,train
7,train/ATLAS MOTH/001.jpg,ATLAS MOTH,train
7,train/ATLAS MOTH/002.jpg,ATLAS MOTH,train
7,train/ATLAS MOTH/003.jpg,ATLAS MOTH,train
7,train/ATLAS MOTH/004.jpg,ATLAS MOTH,train
7,train/ATLAS MOTH/005.jpg,ATLAS MOTH,train
7,train/ATLAS MOTH/006.jpg,ATLAS MOTH,train
7,train/ATLAS MOTH/007.jpg,ATLAS MOTH,train
7,train/ATLAS MOTH/008.jpg,ATLAS MOTH,train
7,train/ATLAS MOTH/009.jpg,ATLAS MOTH,train
7,train/ATLAS MOTH/010.jpg,ATLAS MOTH,train
7,train/ATLAS MOTH/011.jpg,ATLAS MOTH,train
7,train/ATLAS MOTH/012.jpg,ATLAS MOTH,train
7,train/ATLAS MOTH/013.jpg,ATLAS MOTH,train
7,train/ATLAS MOTH/014.jpg,ATLAS MOTH,train
7,train/ATLAS MOTH/015.jpg,ATLAS MOTH,train
7,train/ATLAS MOTH/016.jpg,ATLAS MOTH,train
7,train/ATLAS MOTH/017.jpg,ATLAS MOTH,train
7,train/ATLAS MOTH/018.jpg,ATLAS MOTH,train
7,train/ATLAS MOTH/019.jpg,ATLAS MOTH,train
7,train/ATLAS MOTH/020.jpg,ATLAS MOTH,train
7,train/ATLAS MOTH/021.jpg,ATLAS MOTH,train
7,train/ATLAS MOTH/022.jpg,ATLAS MOTH,train
7,train/ATLAS MOTH/023.jpg,ATLAS MOTH,train
7,train/ATLAS MOTH/024.jpg,ATLAS MOTH,train
7,train/ATLAS MOTH/025.jpg,ATLAS MOTH,train
7,train/ATLAS MOTH/026.jpg,ATLAS MOTH,train
7,train/ATLAS MOTH/027.jpg,ATLAS MOTH,train
7,train/ATLAS MOTH/028.jpg,ATLAS MOTH,train
7,train/ATLAS MOTH/029.jpg,ATLAS MOTH,train
7,train/ATLAS MOTH/030.jpg,ATLAS MOTH,train
7,train/ATLAS MOTH/031.jpg,ATLAS MOTH,train
7,train/ATLAS MOTH/032.jpg,ATLAS MOTH,train
7,train/ATLAS MOTH/033.jpg,ATLAS MOTH,train
7,train/ATLAS MOTH/034.jpg,ATLAS MOTH,train
7,train/ATLAS MOTH/035.jpg,ATLAS MOTH,train
7,train/ATLAS MOTH/036.jpg,ATLAS MOTH,train
7,train/ATLAS MOTH/037.jpg,ATLAS MOTH,train
7,train/ATLAS MOTH/038.jpg,ATLAS MOTH,train
7,train/ATLAS MOTH/039.jpg,ATLAS MOTH,train
7,train/ATLAS MOTH/040.jpg,ATLAS MOTH,train
7,train/ATLAS MOTH/041.jpg,ATLAS MOTH,train
7,train/ATLAS MOTH/042.jpg,ATLAS MOTH,train
7,train/ATLAS MOTH/043.jpg,ATLAS MOTH,train
7,train/ATLAS MOTH/044.jpg,ATLAS MOTH,train
7,train/ATLAS MOTH/045.jpg,ATLAS MOTH,train
7,train/ATLAS MOTH/046.jpg,ATLAS MOTH,train
7,train/ATLAS MOTH/047.jpg,ATLAS MOTH,train
7,train/ATLAS MOTH/048.jpg,ATLAS MOTH,train
7,train/ATLAS MOTH/049.jpg,ATLAS MOTH,train
7,train/ATLAS MOTH/050.jpg,ATLAS MOTH,train
7,train/ATLAS MOTH/051.jpg,ATLAS MOTH,train
7,train/ATLAS MOTH/052.jpg,ATLAS MOTH,train
7,train/ATLAS MOTH/053.jpg,ATLAS MOTH,train
7,train/ATLAS MOTH/054.jpg,ATLAS MOTH,train
7,train/ATLAS MOTH/055.jpg,ATLAS MOTH,train
7,train/ATLAS MOTH/056.jpg,ATLAS MOTH,train
7,train/ATLAS MOTH/057.jpg,ATLAS MOTH,train
7,train/ATLAS MOTH/058.jpg,ATLAS MOTH,train
7,train/ATLAS MOTH/059.jpg,ATLAS MOTH,train
7,train/ATLAS MOTH/060.jpg,ATLAS MOTH,train
7,train/ATLAS MOTH/061.jpg,ATLAS MOTH,train
7,train/ATLAS MOTH/062.jpg,ATLAS MOTH,train
7,train/ATLAS MOTH/063.jpg,ATLAS MOTH,train
7,train/ATLAS MOTH/064.jpg,ATLAS MOTH,train
7,train/ATLAS MOTH/065.jpg,ATLAS MOTH,train
7,train/ATLAS MOTH/066.jpg,ATLAS MOTH,train
7,train/ATLAS MOTH/067.jpg,ATLAS MOTH,train
7,train/ATLAS MOTH/068.jpg,ATLAS MOTH,train
7,train/ATLAS MOTH/069.jpg,ATLAS MOTH,train
7,train/ATLAS MOTH/070.jpg,ATLAS MOTH,train
7,train/ATLAS MOTH/071.jpg,ATLAS MOTH,train
7,train/ATLAS MOTH/072.jpg,ATLAS MOTH,train
7,train/ATLAS MOTH/073.jpg,ATLAS MOTH,train
7,train/ATLAS MOTH/074.jpg,ATLAS MOTH,train
7,train/ATLAS MOTH/075.jpg,ATLAS MOTH,train
7,train/ATLAS MOTH/076.jpg,ATLAS MOTH,train
7,train/ATLAS MOTH/077.jpg,ATLAS MOTH,train
7,train/ATLAS MOTH/078.jpg,ATLAS MOTH,train
7,train/ATLAS MOTH/079.jpg,ATLAS MOTH,train
7,train/ATLAS MOTH/080.jpg,ATLAS MOTH,train
7,train/ATLAS MOTH/081.jpg,ATLAS MOTH,train
7,train/ATLAS MOTH/082.jpg,ATLAS MOTH,train
7,train/ATLAS MOTH/083.jpg,ATLAS MOTH,train
7,train/ATLAS MOTH/084.jpg,ATLAS MOTH,train
7,train/ATLAS MOTH/085.jpg,ATLAS MOTH,train
7,train/ATLAS MOTH/086.jpg,ATLAS MOTH,train
7,train/ATLAS MOTH/087.jpg,ATLAS MOTH,train
7,train/ATLAS MOTH/088.jpg,ATLAS MOTH,train
7,train/ATLAS MOTH/089.jpg,ATLAS MOTH,train
7,train/ATLAS MOTH/090.jpg,ATLAS MOTH,train
7,train/ATLAS MOTH/091.jpg,ATLAS MOTH,train
7,train/ATLAS MOTH/092.jpg,ATLAS MOTH,train
7,train/ATLAS MOTH/093.jpg,ATLAS MOTH,train
7,train/ATLAS MOTH/094.jpg,ATLAS MOTH,train
7,train/ATLAS MOTH/095.jpg,ATLAS MOTH,train
7,train/ATLAS MOTH/096.jpg,ATLAS MOTH,train
7,train/ATLAS MOTH/097.jpg,ATLAS MOTH,train
7,train/ATLAS MOTH/098.jpg,ATLAS MOTH,train
7,train/ATLAS MOTH/099.jpg,ATLAS MOTH,train
7,train/ATLAS MOTH/100.jpg,ATLAS MOTH,train
7,train/ATLAS MOTH/101.jpg,ATLAS MOTH,train
7,train/ATLAS MOTH/102.jpg,ATLAS MOTH,train
7,train/ATLAS MOTH/103.jpg,ATLAS MOTH,train
7,train/ATLAS MOTH/104.jpg,ATLAS MOTH,train
7,train/ATLAS MOTH/105.jpg,ATLAS MOTH,train
7,train/ATLAS MOTH/106.jpg,ATLAS MOTH,train
7,train/ATLAS MOTH/107.jpg,ATLAS MOTH,train
7,train/ATLAS MOTH/108.jpg,ATLAS MOTH,train
7,train/ATLAS MOTH/109.jpg,ATLAS MOTH,train
7,train/ATLAS MOTH/110.jpg,ATLAS MOTH,train
7,train/ATLAS MOTH/111.jpg,ATLAS MOTH,train
7,train/ATLAS MOTH/112.jpg,ATLAS MOTH,train
7,train/ATLAS MOTH/113.jpg,ATLAS MOTH,train
7,train/ATLAS MOTH/114.jpg,ATLAS MOTH,train
7,train/ATLAS MOTH/115.jpg,ATLAS MOTH,train
7,train/ATLAS MOTH/116.jpg,ATLAS MOTH,train
7,train/ATLAS MOTH/117.jpg,ATLAS MOTH,train
7,train/ATLAS MOTH/118.jpg,ATLAS MOTH,train
7,train/ATLAS MOTH/119.jpg,ATLAS MOTH,train
7,train/ATLAS MOTH/120.jpg,ATLAS MOTH,train
7,train/ATLAS MOTH/121.jpg,ATLAS MOTH,train
7,train/ATLAS MOTH/122.jpg,ATLAS MOTH,train
7,train/ATLAS MOTH/123.jpg,ATLAS MOTH,train
7,train/ATLAS MOTH/124.jpg,ATLAS MOTH,train
7,train/ATLAS MOTH/125.jpg,ATLAS MOTH,train
7,train/ATLAS MOTH/126.jpg,ATLAS MOTH,train
7,train/ATLAS MOTH/127.jpg,ATLAS MOTH,train
7,train/ATLAS MOTH/128.jpg,ATLAS MOTH,train
7,train/ATLAS MOTH/129.jpg,ATLAS MOTH,train
8,train/BANDED ORANGE HELICONIAN/001.jpg,BANDED ORANGE HELICONIAN,train
8,train/BANDED ORANGE HELICONIAN/002.jpg,BANDED ORANGE HELICONIAN,train
8,train/BANDED ORANGE HELICONIAN/003.jpg,BANDED ORANGE HELICONIAN,train
8,train/BANDED ORANGE HELICONIAN/004.jpg,BANDED ORANGE HELICONIAN,train
8,train/BANDED ORANGE HELICONIAN/005.jpg,BANDED ORANGE HELICONIAN,train
8,train/BANDED ORANGE HELICONIAN/006.jpg,BANDED ORANGE HELICONIAN,train
8,train/BANDED ORANGE HELICONIAN/007.jpg,BANDED ORANGE HELICONIAN,train
8,train/BANDED ORANGE HELICONIAN/008.jpg,BANDED ORANGE HELICONIAN,train
8,train/BANDED ORANGE HELICONIAN/009.jpg,BANDED ORANGE HELICONIAN,train
8,train/BANDED ORANGE HELICONIAN/010.jpg,BANDED ORANGE HELICONIAN,train
8,train/BANDED ORANGE HELICONIAN/011.jpg,BANDED ORANGE HELICONIAN,train
8,train/BANDED ORANGE HELICONIAN/012.jpg,BANDED ORANGE HELICONIAN,train
8,train/BANDED ORANGE HELICONIAN/013.jpg,BANDED ORANGE HELICONIAN,train
8,train/BANDED ORANGE HELICONIAN/014.jpg,BANDED ORANGE HELICONIAN,train
8,train/BANDED ORANGE HELICONIAN/015.jpg,BANDED ORANGE HELICONIAN,train
8,train/BANDED ORANGE HELICONIAN/016.jpg,BANDED ORANGE HELICONIAN,train
8,train/BANDED ORANGE HELICONIAN/017.jpg,BANDED ORANGE HELICONIAN,train
8,train/BANDED ORANGE HELICONIAN/018.jpg,BANDED ORANGE HELICONIAN,train
8,train/BANDED ORANGE HELICONIAN/019.jpg,BANDED ORANGE HELICONIAN,train
8,train/BANDED ORANGE HELICONIAN/020.jpg,BANDED ORANGE HELICONIAN,train
8,train/BANDED ORANGE HELICONIAN/021.jpg,BANDED ORANGE HELICONIAN,train
8,train/BANDED ORANGE HELICONIAN/022.jpg,BANDED ORANGE HELICONIAN,train
8,train/BANDED ORANGE HELICONIAN/023.jpg,BANDED ORANGE HELICONIAN,train
8,train/BANDED ORANGE HELICONIAN/024.jpg,BANDED ORANGE HELICONIAN,train
8,train/BANDED ORANGE HELICONIAN/025.jpg,BANDED ORANGE HELICONIAN,train
8,train/BANDED ORANGE HELICONIAN/026.jpg,BANDED ORANGE HELICONIAN,train
8,train/BANDED ORANGE HELICONIAN/027.jpg,BANDED ORANGE HELICONIAN,train
8,train/BANDED ORANGE HELICONIAN/028.jpg,BANDED ORANGE HELICONIAN,train
8,train/BANDED ORANGE HELICONIAN/029.jpg,BANDED ORANGE HELICONIAN,train
8,train/BANDED ORANGE HELICONIAN/030.jpg,BANDED ORANGE HELICONIAN,train
8,train/BANDED ORANGE HELICONIAN/031.jpg,BANDED ORANGE HELICONIAN,train
8,train/BANDED ORANGE HELICONIAN/032.jpg,BANDED ORANGE HELICONIAN,train
8,train/BANDED ORANGE HELICONIAN/033.jpg,BANDED ORANGE HELICONIAN,train
8,train/BANDED ORANGE HELICONIAN/034.jpg,BANDED ORANGE HELICONIAN,train
8,train/BANDED ORANGE HELICONIAN/035.jpg,BANDED ORANGE HELICONIAN,train
8,train/BANDED ORANGE HELICONIAN/036.jpg,BANDED ORANGE HELICONIAN,train
8,train/BANDED ORANGE HELICONIAN/037.jpg,BANDED ORANGE HELICONIAN,train
8,train/BANDED ORANGE HELICONIAN/038.jpg,BANDED ORANGE HELICONIAN,train
8,train/BANDED ORANGE HELICONIAN/039.jpg,BANDED ORANGE HELICONIAN,train
8,train/BANDED ORANGE HELICONIAN/040.jpg,BANDED ORANGE HELICONIAN,train
8,train/BANDED ORANGE HELICONIAN/041.jpg,BANDED ORANGE HELICONIAN,train
8,train/BANDED ORANGE HELICONIAN/042.jpg,BANDED ORANGE HELICONIAN,train
8,train/BANDED ORANGE HELICONIAN/043.jpg,BANDED ORANGE HELICONIAN,train
8,train/BANDED ORANGE HELICONIAN/044.jpg,BANDED ORANGE HELICONIAN,train
8,train/BANDED ORANGE HELICONIAN/045.jpg,BANDED ORANGE HELICONIAN,train
8,train/BANDED ORANGE HELICONIAN/046.jpg,BANDED ORANGE HELICONIAN,train
8,train/BANDED ORANGE HELICONIAN/047.jpg,BANDED ORANGE HELICONIAN,train
8,train/BANDED ORANGE HELICONIAN/048.jpg,BANDED ORANGE HELICONIAN,train
8,train/BANDED ORANGE HELICONIAN/049.jpg,BANDED ORANGE HELICONIAN,train
8,train/BANDED ORANGE HELICONIAN/050.jpg,BANDED ORANGE HELICONIAN,train
8,train/BANDED ORANGE HELICONIAN/051.jpg,BANDED ORANGE HELICONIAN,train
8,train/BANDED ORANGE HELICONIAN/052.jpg,BANDED ORANGE HELICONIAN,train
8,train/BANDED ORANGE HELICONIAN/053.jpg,BANDED ORANGE HELICONIAN,train
8,train/BANDED ORANGE HELICONIAN/054.jpg,BANDED ORANGE HELICONIAN,train
8,train/BANDED ORANGE HELICONIAN/055.jpg,BANDED ORANGE HELICONIAN,train
8,train/BANDED ORANGE HELICONIAN/056.jpg,BANDED ORANGE HELICONIAN,train
8,train/BANDED ORANGE HELICONIAN/057.jpg,BANDED ORANGE HELICONIAN,train
8,train/BANDED ORANGE HELICONIAN/058.jpg,BANDED ORANGE HELICONIAN,train
8,train/BANDED ORANGE HELICONIAN/059.jpg,BANDED ORANGE HELICONIAN,train
8,train/BANDED ORANGE HELICONIAN/060.jpg,BANDED ORANGE HELICONIAN,train
8,train/BANDED ORANGE HELICONIAN/061.jpg,BANDED ORANGE HELICONIAN,train
8,train/BANDED ORANGE HELICONIAN/062.jpg,BANDED ORANGE HELICONIAN,train
8,train/BANDED ORANGE HELICONIAN/063.jpg,BANDED ORANGE HELICONIAN,train
8,train/BANDED ORANGE HELICONIAN/064.jpg,BANDED ORANGE HELICONIAN,train
8,train/BANDED ORANGE HELICONIAN/065.jpg,BANDED ORANGE HELICONIAN,train
8,train/BANDED ORANGE HELICONIAN/066.jpg,BANDED ORANGE HELICONIAN,train
8,train/BANDED ORANGE HELICONIAN/067.jpg,BANDED ORANGE HELICONIAN,train
8,train/BANDED ORANGE HELICONIAN/068.jpg,BANDED ORANGE HELICONIAN,train
8,train/BANDED ORANGE HELICONIAN/069.jpg,BANDED ORANGE HELICONIAN,train
8,train/BANDED ORANGE HELICONIAN/070.jpg,BANDED ORANGE HELICONIAN,train
8,train/BANDED ORANGE HELICONIAN/071.jpg,BANDED ORANGE HELICONIAN,train
8,train/BANDED ORANGE HELICONIAN/072.jpg,BANDED ORANGE HELICONIAN,train
8,train/BANDED ORANGE HELICONIAN/073.jpg,BANDED ORANGE HELICONIAN,train
8,train/BANDED ORANGE HELICONIAN/074.jpg,BANDED ORANGE HELICONIAN,train
8,train/BANDED ORANGE HELICONIAN/075.jpg,BANDED ORANGE HELICONIAN,train
8,train/BANDED ORANGE HELICONIAN/076.jpg,BANDED ORANGE HELICONIAN,train
8,train/BANDED ORANGE HELICONIAN/077.jpg,BANDED ORANGE HELICONIAN,train
8,train/BANDED ORANGE HELICONIAN/078.jpg,BANDED ORANGE HELICONIAN,train
8,train/BANDED ORANGE HELICONIAN/079.jpg,BANDED ORANGE HELICONIAN,train
8,train/BANDED ORANGE HELICONIAN/080.jpg,BANDED ORANGE HELICONIAN,train
8,train/BANDED ORANGE HELICONIAN/081.jpg,BANDED ORANGE HELICONIAN,train
8,train/BANDED ORANGE HELICONIAN/082.jpg,BANDED ORANGE HELICONIAN,train
8,train/BANDED ORANGE HELICONIAN/083.jpg,BANDED ORANGE HELICONIAN,train
8,train/BANDED ORANGE HELICONIAN/084.jpg,BANDED ORANGE HELICONIAN,train
8,train/BANDED ORANGE HELICONIAN/085.jpg,BANDED ORANGE HELICONIAN,train
8,train/BANDED ORANGE HELICONIAN/086.jpg,BANDED ORANGE HELICONIAN,train
8,train/BANDED ORANGE HELICONIAN/087.jpg,BANDED ORANGE HELICONIAN,train
8,train/BANDED ORANGE HELICONIAN/088.jpg,BANDED ORANGE HELICONIAN,train
8,train/BANDED ORANGE HELICONIAN/089.jpg,BANDED ORANGE HELICONIAN,train
8,train/BANDED ORANGE HELICONIAN/090.jpg,BANDED ORANGE HELICONIAN,train
8,train/BANDED ORANGE HELICONIAN/091.jpg,BANDED ORANGE HELICONIAN,train
8,train/BANDED ORANGE HELICONIAN/092.jpg,BANDED ORANGE HELICONIAN,train
8,train/BANDED ORANGE HELICONIAN/093.jpg,BANDED ORANGE HELICONIAN,train
8,train/BANDED ORANGE HELICONIAN/094.jpg,BANDED ORANGE HELICONIAN,train
8,train/BANDED ORANGE HELICONIAN/095.jpg,BANDED ORANGE HELICONIAN,train
8,train/BANDED ORANGE HELICONIAN/096.jpg,BANDED ORANGE HELICONIAN,train
8,train/BANDED ORANGE HELICONIAN/097.jpg,BANDED ORANGE HELICONIAN,train
8,train/BANDED ORANGE HELICONIAN/098.jpg,BANDED ORANGE HELICONIAN,train
8,train/BANDED ORANGE HELICONIAN/099.jpg,BANDED ORANGE HELICONIAN,train
8,train/BANDED ORANGE HELICONIAN/100.jpg,BANDED ORANGE HELICONIAN,train
8,train/BANDED ORANGE HELICONIAN/101.jpg,BANDED ORANGE HELICONIAN,train
8,train/BANDED ORANGE HELICONIAN/102.jpg,BANDED ORANGE HELICONIAN,train
8,train/BANDED ORANGE HELICONIAN/103.jpg,BANDED ORANGE HELICONIAN,train
8,train/BANDED ORANGE HELICONIAN/104.jpg,BANDED ORANGE HELICONIAN,train
8,train/BANDED ORANGE HELICONIAN/105.jpg,BANDED ORANGE HELICONIAN,train
8,train/BANDED ORANGE HELICONIAN/106.jpg,BANDED ORANGE HELICONIAN,train
8,train/BANDED ORANGE HELICONIAN/107.jpg,BANDED ORANGE HELICONIAN,train
8,train/BANDED ORANGE HELICONIAN/108.jpg,BANDED ORANGE HELICONIAN,train
8,train/BANDED ORANGE HELICONIAN/109.jpg,BANDED ORANGE HELICONIAN,train
8,train/BANDED ORANGE HELICONIAN/110.jpg,BANDED ORANGE HELICONIAN,train
8,train/BANDED ORANGE HELICONIAN/111.jpg,BANDED ORANGE HELICONIAN,train
8,train/BANDED ORANGE HELICONIAN/112.jpg,BANDED ORANGE HELICONIAN,train
8,train/BANDED ORANGE HELICONIAN/113.jpg,BANDED ORANGE HELICONIAN,train
8,train/BANDED ORANGE HELICONIAN/114.jpg,BANDED ORANGE HELICONIAN,train
8,train/BANDED ORANGE HELICONIAN/115.jpg,BANDED ORANGE HELICONIAN,train
8,train/BANDED ORANGE HELICONIAN/116.jpg,BANDED ORANGE HELICONIAN,train
8,train/BANDED ORANGE HELICONIAN/117.jpg,BANDED ORANGE HELICONIAN,train
8,train/BANDED ORANGE HELICONIAN/118.jpg,BANDED ORANGE HELICONIAN,train
8,train/BANDED ORANGE HELICONIAN/119.jpg,BANDED ORANGE HELICONIAN,train
8,train/BANDED ORANGE HELICONIAN/120.jpg,BANDED ORANGE HELICONIAN,train
8,train/BANDED ORANGE HELICONIAN/121.jpg,BANDED ORANGE HELICONIAN,train
8,train/BANDED ORANGE HELICONIAN/122.jpg,BANDED ORANGE HELICONIAN,train
8,train/BANDED ORANGE HELICONIAN/123.jpg,BANDED ORANGE HELICONIAN,train
8,train/BANDED ORANGE HELICONIAN/124.jpg,BANDED ORANGE HELICONIAN,train
8,train/BANDED ORANGE HELICONIAN/125.jpg,BANDED ORANGE HELICONIAN,train
8,train/BANDED ORANGE HELICONIAN/126.jpg,BANDED ORANGE HELICONIAN,train
8,train/BANDED ORANGE HELICONIAN/127.jpg,BANDED ORANGE HELICONIAN,train
8,train/BANDED ORANGE HELICONIAN/128.jpg,BANDED ORANGE HELICONIAN,train
8,train/BANDED ORANGE HELICONIAN/129.jpg,BANDED ORANGE HELICONIAN,train
8,train/BANDED ORANGE HELICONIAN/130.jpg,BANDED ORANGE HELICONIAN,train
8,train/BANDED ORANGE HELICONIAN/131.jpg,BANDED ORANGE HELICONIAN,train
8,train/BANDED ORANGE HELICONIAN/132.jpg,BANDED ORANGE HELICONIAN,train
8,train/BANDED ORANGE HELICONIAN/133.jpg,BANDED ORANGE HELICONIAN,train
8,train/BANDED ORANGE HELICONIAN/134.jpg,BANDED ORANGE HELICONIAN,train
8,train/BANDED ORANGE HELICONIAN/135.jpg,BANDED ORANGE HELICONIAN,train
8,train/BANDED ORANGE HELICONIAN/136.jpg,BANDED ORANGE HELICONIAN,train
8,train/BANDED ORANGE HELICONIAN/137.jpg,BANDED ORANGE HELICONIAN,train
8,train/BANDED ORANGE HELICONIAN/138.jpg,BANDED ORANGE HELICONIAN,train
8,train/BANDED ORANGE HELICONIAN/139.jpg,BANDED ORANGE HELICONIAN,train
9,train/BANDED PEACOCK/001.jpg,BANDED PEACOCK,train
9,train/BANDED PEACOCK/002.jpg,BANDED PEACOCK,train
9,train/BANDED PEACOCK/003.jpg,BANDED PEACOCK,train
9,train/BANDED PEACOCK/004.jpg,BANDED PEACOCK,train
9,train/BANDED PEACOCK/005.jpg,BANDED PEACOCK,train
9,train/BANDED PEACOCK/006.jpg,BANDED PEACOCK,train
9,train/BANDED PEACOCK/007.jpg,BANDED PEACOCK,train
9,train/BANDED PEACOCK/008.jpg,BANDED PEACOCK,train
9,train/BANDED PEACOCK/009.jpg,BANDED PEACOCK,train
9,train/BANDED PEACOCK/010.jpg,BANDED PEACOCK,train
9,train/BANDED PEACOCK/011.jpg,BANDED PEACOCK,train
9,train/BANDED PEACOCK/012.jpg,BANDED PEACOCK,train
9,train/BANDED PEACOCK/013.jpg,BANDED PEACOCK,train
9,train/BANDED PEACOCK/014.jpg,BANDED PEACOCK,train
9,train/BANDED PEACOCK/015.jpg,BANDED PEACOCK,train
9,train/BANDED PEACOCK/016.jpg,BANDED PEACOCK,train
9,train/BANDED PEACOCK/017.jpg,BANDED PEACOCK,train
9,train/BANDED PEACOCK/018.jpg,BANDED PEACOCK,train
9,train/BANDED PEACOCK/019.jpg,BANDED PEACOCK,train
9,train/BANDED PEACOCK/020.jpg,BANDED PEACOCK,train
9,train/BANDED PEACOCK/021.jpg,BANDED PEACOCK,train
9,train/BANDED PEACOCK/022.jpg,BANDED PEACOCK,train
9,train/BANDED PEACOCK/023.jpg,BANDED PEACOCK,train
9,train/BANDED PEACOCK/024.jpg,BANDED PEACOCK,train
9,train/BANDED PEACOCK/025.jpg,BANDED PEACOCK,train
9,train/BANDED PEACOCK/026.jpg,BANDED PEACOCK,train
9,train/BANDED PEACOCK/027.jpg,BANDED PEACOCK,train
9,train/BANDED PEACOCK/028.jpg,BANDED PEACOCK,train
9,train/BANDED PEACOCK/029.jpg,BANDED PEACOCK,train
9,train/BANDED PEACOCK/030.jpg,BANDED PEACOCK,train
9,train/BANDED PEACOCK/031.jpg,BANDED PEACOCK,train
9,train/BANDED PEACOCK/032.jpg,BANDED PEACOCK,train
9,train/BANDED PEACOCK/033.jpg,BANDED PEACOCK,train
9,train/BANDED PEACOCK/034.jpg,BANDED PEACOCK,train
9,train/BANDED PEACOCK/035.jpg,BANDED PEACOCK,train
9,train/BANDED PEACOCK/036.jpg,BANDED PEACOCK,train
9,train/BANDED PEACOCK/037.jpg,BANDED PEACOCK,train
9,train/BANDED PEACOCK/038.jpg,BANDED PEACOCK,train
9,train/BANDED PEACOCK/039.jpg,BANDED PEACOCK,train
9,train/BANDED PEACOCK/040.jpg,BANDED PEACOCK,train
9,train/BANDED PEACOCK/041.jpg,BANDED PEACOCK,train
9,train/BANDED PEACOCK/042.jpg,BANDED PEACOCK,train
9,train/BANDED PEACOCK/043.jpg,BANDED PEACOCK,train
9,train/BANDED PEACOCK/044.jpg,BANDED PEACOCK,train
9,train/BANDED PEACOCK/045.jpg,BANDED PEACOCK,train
9,train/BANDED PEACOCK/046.jpg,BANDED PEACOCK,train
9,train/BANDED PEACOCK/047.jpg,BANDED PEACOCK,train
9,train/BANDED PEACOCK/048.jpg,BANDED PEACOCK,train
9,train/BANDED PEACOCK/049.jpg,BANDED PEACOCK,train
9,train/BANDED PEACOCK/050.jpg,BANDED PEACOCK,train
9,train/BANDED PEACOCK/051.jpg,BANDED PEACOCK,train
9,train/BANDED PEACOCK/052.jpg,BANDED PEACOCK,train
9,train/BANDED PEACOCK/053.jpg,BANDED PEACOCK,train
9,train/BANDED PEACOCK/054.jpg,BANDED PEACOCK,train
9,train/BANDED PEACOCK/055.jpg,BANDED PEACOCK,train
9,train/BANDED PEACOCK/056.jpg,BANDED PEACOCK,train
9,train/BANDED PEACOCK/057.jpg,BANDED PEACOCK,train
9,train/BANDED PEACOCK/058.jpg,BANDED PEACOCK,train
9,train/BANDED PEACOCK/059.jpg,BANDED PEACOCK,train
9,train/BANDED PEACOCK/060.jpg,BANDED PEACOCK,train
9,train/BANDED PEACOCK/061.jpg,BANDED PEACOCK,train
9,train/BANDED PEACOCK/062.jpg,BANDED PEACOCK,train
9,train/BANDED PEACOCK/063.jpg,BANDED PEACOCK,train
9,train/BANDED PEACOCK/064.jpg,BANDED PEACOCK,train
9,train/BANDED PEACOCK/065.jpg,BANDED PEACOCK,train
9,train/BANDED PEACOCK/066.jpg,BANDED PEACOCK,train
9,train/BANDED PEACOCK/067.jpg,BANDED PEACOCK,train
9,train/BANDED PEACOCK/068.jpg,BANDED PEACOCK,train
9,train/BANDED PEACOCK/069.jpg,BANDED PEACOCK,train
9,train/BANDED PEACOCK/070.jpg,BANDED PEACOCK,train
9,train/BANDED PEACOCK/071.jpg,BANDED PEACOCK,train
9,train/BANDED PEACOCK/072.jpg,BANDED PEACOCK,train
9,train/BANDED PEACOCK/073.jpg,BANDED PEACOCK,train
9,train/BANDED PEACOCK/074.jpg,BANDED PEACOCK,train
9,train/BANDED PEACOCK/075.jpg,BANDED PEACOCK,train
9,train/BANDED PEACOCK/076.jpg,BANDED PEACOCK,train
9,train/BANDED PEACOCK/077.jpg,BANDED PEACOCK,train
9,train/BANDED PEACOCK/078.jpg,BANDED PEACOCK,train
9,train/BANDED PEACOCK/079.jpg,BANDED PEACOCK,train
9,train/BANDED PEACOCK/080.jpg,BANDED PEACOCK,train
9,train/BANDED PEACOCK/081.jpg,BANDED PEACOCK,train
9,train/BANDED PEACOCK/082.jpg,BANDED PEACOCK,train
9,train/BANDED PEACOCK/083.jpg,BANDED PEACOCK,train
9,train/BANDED PEACOCK/084.jpg,BANDED PEACOCK,train
9,train/BANDED PEACOCK/085.jpg,BANDED PEACOCK,train
9,train/BANDED PEACOCK/086.jpg,BANDED PEACOCK,train
9,train/BANDED PEACOCK/087.jpg,BANDED PEACOCK,train
9,train/BANDED PEACOCK/088.jpg,BANDED PEACOCK,train
9,train/BANDED PEACOCK/089.jpg,BANDED PEACOCK,train
9,train/BANDED PEACOCK/090.jpg,BANDED PEACOCK,train
9,train/BANDED PEACOCK/091.jpg,BANDED PEACOCK,train
9,train/BANDED PEACOCK/092.jpg,BANDED PEACOCK,train
9,train/BANDED PEACOCK/093.jpg,BANDED PEACOCK,train
9,train/BANDED PEACOCK/094.jpg,BANDED PEACOCK,train
9,train/BANDED PEACOCK/095.jpg,BANDED PEACOCK,train
9,train/BANDED PEACOCK/096.jpg,BANDED PEACOCK,train
9,train/BANDED PEACOCK/097.jpg,BANDED PEACOCK,train
9,train/BANDED PEACOCK/098.jpg,BANDED PEACOCK,train
9,train/BANDED PEACOCK/099.jpg,BANDED PEACOCK,train
9,train/BANDED PEACOCK/100.jpg,BANDED PEACOCK,train
9,train/BANDED PEACOCK/101.jpg,BANDED PEACOCK,train
9,train/BANDED PEACOCK/102.jpg,BANDED PEACOCK,train
9,train/BANDED PEACOCK/103.jpg,BANDED PEACOCK,train
9,train/BANDED PEACOCK/104.jpg,BANDED PEACOCK,train
9,train/BANDED PEACOCK/105.jpg,BANDED PEACOCK,train
9,train/BANDED PEACOCK/106.jpg,BANDED PEACOCK,train
9,train/BANDED PEACOCK/107.jpg,BANDED PEACOCK,train
9,train/BANDED PEACOCK/108.jpg,BANDED PEACOCK,train
9,train/BANDED PEACOCK/109.jpg,BANDED PEACOCK,train
9,train/BANDED PEACOCK/110.jpg,BANDED PEACOCK,train
9,train/BANDED PEACOCK/111.jpg,BANDED PEACOCK,train
9,train/BANDED PEACOCK/112.jpg,BANDED PEACOCK,train
9,train/BANDED PEACOCK/113.jpg,BANDED PEACOCK,train
9,train/BANDED PEACOCK/114.jpg,BANDED PEACOCK,train
9,train/BANDED PEACOCK/115.jpg,BANDED PEACOCK,train
9,train/BANDED PEACOCK/116.jpg,BANDED PEACOCK,train
9,train/BANDED PEACOCK/117.jpg,BANDED PEACOCK,train
9,train/BANDED PEACOCK/118.jpg,BANDED PEACOCK,train
0,test/ADONIS/1.jpg,ADONIS,test
0,test/ADONIS/2.jpg,ADONIS,test
0,test/ADONIS/3.jpg,ADONIS,test
0,test/ADONIS/4.jpg,ADONIS,test
0,test/ADONIS/5.jpg,ADONIS,test
1,test/AFRICAN GIANT SWALLOWTAIL/1.jpg,AFRICAN GIANT SWALLOWTAIL,test
1,test/AFRICAN GIANT SWALLOWTAIL/2.jpg,AFRICAN GIANT SWALLOWTAIL,test
1,test/AFRICAN GIANT SWALLOWTAIL/3.jpg,AFRICAN GIANT SWALLOWTAIL,test
1,test/AFRICAN GIANT SWALLOWTAIL/4.jpg,AFRICAN GIANT SWALLOWTAIL,test
1,test/AFRICAN GIANT SWALLOWTAIL/5.jpg,AFRICAN GIANT SWALLOWTAIL,test
2,test/AMERICAN SNOOT/1.jpg,AMERICAN SNOOT,test
2,test/AMERICAN SNOOT/2.jpg,AMERICAN SNOOT,test
2,test/AMERICAN SNOOT/3.jpg,AMERICAN SNOOT,test
2,test/AMERICAN SNOOT/4.jpg,AMERICAN SNOOT,test
2,test/AMERICAN SNOOT/5.jpg,AMERICAN SNOOT,test
3,test/AN 88/1.jpg,AN 88,test
3,test/AN 88/2.jpg,AN 88,test
3,test/AN 88/3.jpg,AN 88,test
3,test/AN 88/4.jpg,AN 88,test
3,test/AN 88/5.jpg,AN 88,test
4,test/APPOLLO/1.jpg,APPOLLO,test
4,test/APPOLLO/2.jpg,APPOLLO,test
4,test/APPOLLO/3.jpg,APPOLLO,test
4,test/APPOLLO/4.jpg,APPOLLO,test
4,test/APPOLLO/5.jpg,APPOLLO,test
5,test/ARCIGERA FLOWER MOTH/1.jpg,ARCIGERA FLOWER MOTH,test
5,test/ARCIGERA FLOWER MOTH/2.jpg,ARCIGERA FLOWER MOTH,test
5,test/ARCIGERA FLOWER MOTH/3.jpg,ARCIGERA FLOWER MOTH,test
5,test/ARCIGERA FLOWER MOTH/4.jpg,ARCIGERA FLOWER MOTH,test
5,test/ARCIGERA FLOWER MOTH/5.jpg,ARCIGERA FLOWER MOTH,test
6,test/ATALA/1.jpg,ATALA,test
6,test/ATALA/2.jpg,ATALA,test
6,test/ATALA/3.jpg,ATALA,test
6,test/ATALA/4.jpg,ATALA,test
6,test/ATALA/5.jpg,ATALA,test
7,test/ATLAS MOTH/1.jpg,ATLAS MOTH,test
7,test/ATLAS MOTH/2.jpg,ATLAS MOTH,test
7,test/ATLAS MOTH/3.jpg,ATLAS MOTH,test
7,test/ATLAS MOTH/4.jpg,ATLAS MOTH,test
7,test/ATLAS MOTH/5.jpg,ATLAS MOTH,test
8,test/BANDED ORANGE HELICONIAN/1.jpg,BANDED ORANGE HELICONIAN,test
8,test/BANDED ORANGE HELICONIAN/2.jpg,BANDED ORANGE HELICONIAN,test
8,test/BANDED ORANGE HELICONIAN/3.jpg,BANDED ORANGE HELICONIAN,test
8,test/BANDED ORANGE HELICONIAN/4.jpg,BANDED ORANGE HELICONIAN,test
8,test/BANDED ORANGE HELICONIAN/5.jpg,BANDED ORANGE HELICONIAN,test
9,test/BANDED PEACOCK/1.jpg,BANDED PEACOCK,test
9,test/BANDED PEACOCK/2.jpg,BANDED PEACOCK,test
9,test/BANDED PEACOCK/3.jpg,BANDED PEACOCK,test
9,test/BANDED PEACOCK/4.jpg,BANDED PEACOCK,test
9,test/BANDED PEACOCK/5.jpg,BANDED PEACOCK,test
0,valid/ADONIS/1.jpg,ADONIS,valid
0,valid/ADONIS/2.jpg,ADONIS,valid
0,valid/ADONIS/3.jpg,ADONIS,valid
0,valid/ADONIS/4.jpg,ADONIS,valid
0,valid/ADONIS/5.jpg,ADONIS,valid
1,valid/AFRICAN GIANT SWALLOWTAIL/1.jpg,AFRICAN GIANT SWALLOWTAIL,valid
1,valid/AFRICAN GIANT SWALLOWTAIL/2.jpg,AFRICAN GIANT SWALLOWTAIL,valid
1,valid/AFRICAN GIANT SWALLOWTAIL/3.jpg,AFRICAN GIANT SWALLOWTAIL,valid
1,valid/AFRICAN GIANT SWALLOWTAIL/4.jpg,AFRICAN GIANT SWALLOWTAIL,valid
1,valid/AFRICAN GIANT SWALLOWTAIL/5.jpg,AFRICAN GIANT SWALLOWTAIL,valid
2,valid/AMERICAN SNOOT/1.jpg,AMERICAN SNOOT,valid
2,valid/AMERICAN SNOOT/2.jpg,AMERICAN SNOOT,valid
2,valid/AMERICAN SNOOT/3.jpg,AMERICAN SNOOT,valid
2,valid/AMERICAN SNOOT/4.jpg,AMERICAN SNOOT,valid
2,valid/AMERICAN SNOOT/5.jpg,AMERICAN SNOOT,valid
3,valid/AN 88/1.jpg,AN 88,valid
3,valid/AN 88/2.jpg,AN 88,valid
3,valid/AN 88/3.jpg,AN 88,valid
3,valid/AN 88/4.jpg,AN 88,valid
3,valid/AN 88/5.jpg,AN 88,valid
4,valid/APPOLLO/1.jpg,APPOLLO,valid
4,valid/APPOLLO/2.jpg,APPOLLO,valid
4,valid/APPOLLO/3.jpg,APPOLLO,valid
4,valid/APPOLLO/4.jpg,APPOLLO,valid
4,valid/APPOLLO/5.jpg,APPOLLO,valid
5,valid/ARCIGERA FLOWER MOTH/1.jpg,ARCIGERA FLOWER MOTH,valid
5,valid/ARCIGERA FLOWER MOTH/2.jpg,ARCIGERA FLOWER MOTH,valid
5,valid/ARCIGERA FLOWER MOTH/3.jpg,ARCIGERA FLOWER MOTH,valid
5,valid/ARCIGERA FLOWER MOTH/4.jpg,ARCIGERA FLOWER MOTH,valid
5,valid/ARCIGERA FLOWER MOTH/5.jpg,ARCIGERA FLOWER MOTH,valid
6,valid/ATALA/1.jpg,ATALA,valid
6,valid/ATALA/2.jpg,ATALA,valid
6,valid/ATALA/3.jpg,ATALA,valid
6,valid/ATALA/4.jpg,ATALA,valid
6,valid/ATALA/5.jpg,ATALA,valid
7,valid/ATLAS MOTH/1.jpg,ATLAS MOTH,valid
7,valid/ATLAS MOTH/2.jpg,ATLAS MOTH,valid
7,valid/ATLAS MOTH/3.jpg,ATLAS MOTH,valid
7,valid/ATLAS MOTH/4.jpg,ATLAS MOTH,valid
7,valid/ATLAS MOTH/5.jpg,ATLAS MOTH,valid
8,valid/BANDED ORANGE HELICONIAN/1.jpg,BANDED ORANGE HELICONIAN,valid
8,valid/BANDED ORANGE HELICONIAN/2.jpg,BANDED ORANGE HELICONIAN,valid
8,valid/BANDED ORANGE HELICONIAN/3.jpg,BANDED ORANGE HELICONIAN,valid
8,valid/BANDED ORANGE HELICONIAN/4.jpg,BANDED ORANGE HELICONIAN,valid
8,valid/BANDED ORANGE HELICONIAN/5.jpg,BANDED ORANGE HELICONIAN,valid
9,valid/BANDED PEACOCK/1.jpg,BANDED PEACOCK,valid
9,valid/BANDED PEACOCK/2.jpg,BANDED PEACOCK,valid
9,valid/BANDED PEACOCK/3.jpg,BANDED PEACOCK,valid
9,valid/BANDED PEACOCK/4.jpg,BANDED PEACOCK,valid
9,valid/BANDED PEACOCK/5.jpg,BANDED PEACOCK,valid
